dataflow_in_loop_VITIS_LOOP_92_1_1_U0,memory_c_U,,chan_status1.csv
dataflow_in_loop_VITIS_LOOP_92_1_1_U0,filter2conv_U,,chan_status2.csv
dataflow_in_loop_VITIS_LOOP_92_1_1_U0,img_0_c_U,,chan_status3.csv
dataflow_in_loop_VITIS_LOOP_92_1_1_U0,memory_in_local_U,,chan_status4.csv
dataflow_in_loop_VITIS_LOOP_92_1_1_U0,memory_in_local_450_U,,chan_status5.csv
dataflow_in_loop_VITIS_LOOP_92_1_1_U0,memory_in_local_451_U,,chan_status6.csv
dataflow_in_loop_VITIS_LOOP_92_1_1_U0,memory_in_local_452_U,,chan_status7.csv
dataflow_in_loop_VITIS_LOOP_92_1_1_U0,memory_in_local_453_U,,chan_status8.csv
dataflow_in_loop_VITIS_LOOP_92_1_1_U0,memory_in_local_454_U,,chan_status9.csv
dataflow_in_loop_VITIS_LOOP_92_1_1_U0,memory_in_local_455_U,,chan_status10.csv
dataflow_in_loop_VITIS_LOOP_92_1_1_U0,memory_in_local_456_U,,chan_status11.csv
dataflow_in_loop_VITIS_LOOP_92_1_1_U0,memory_in_local_457_U,,chan_status12.csv
dataflow_in_loop_VITIS_LOOP_92_1_1_U0,memory_in_local_458_U,,chan_status13.csv
dataflow_in_loop_VITIS_LOOP_92_1_1_U0,memory_in_local_459_U,,chan_status14.csv
dataflow_in_loop_VITIS_LOOP_92_1_1_U0,memory_in_local_460_U,,chan_status15.csv
dataflow_in_loop_VITIS_LOOP_92_1_1_U0,memory_in_local_461_U,,chan_status16.csv
dataflow_in_loop_VITIS_LOOP_92_1_1_U0,memory_in_local_462_U,,chan_status17.csv
dataflow_in_loop_VITIS_LOOP_92_1_1_U0,memory_in_local_463_U,,chan_status18.csv
dataflow_in_loop_VITIS_LOOP_92_1_1_U0,memory_in_local_464_U,,chan_status19.csv
dataflow_in_loop_VITIS_LOOP_92_1_1_U0,memory_in_local_465_U,,chan_status20.csv
dataflow_in_loop_VITIS_LOOP_92_1_1_U0,memory_in_local_466_U,,chan_status21.csv
dataflow_in_loop_VITIS_LOOP_92_1_1_U0,memory_in_local_467_U,,chan_status22.csv
dataflow_in_loop_VITIS_LOOP_92_1_1_U0,memory_in_local_468_U,,chan_status23.csv
dataflow_in_loop_VITIS_LOOP_92_1_1_U0,memory_in_local_469_U,,chan_status24.csv
dataflow_in_loop_VITIS_LOOP_92_1_1_U0,memory_in_local_470_U,,chan_status25.csv
dataflow_in_loop_VITIS_LOOP_92_1_1_U0,memory_in_local_471_U,,chan_status26.csv
dataflow_in_loop_VITIS_LOOP_92_1_1_U0,memory_in_local_472_U,,chan_status27.csv
dataflow_in_loop_VITIS_LOOP_92_1_1_U0,memory_in_local_473_U,,chan_status28.csv
dataflow_in_loop_VITIS_LOOP_92_1_1_U0,memory_in_local_474_U,,chan_status29.csv
dataflow_in_loop_VITIS_LOOP_92_1_1_U0,memory_in_local_475_U,,chan_status30.csv
dataflow_in_loop_VITIS_LOOP_92_1_1_U0,memory_in_local_476_U,,chan_status31.csv
dataflow_in_loop_VITIS_LOOP_92_1_1_U0,memory_in_local_477_U,,chan_status32.csv
dataflow_in_loop_VITIS_LOOP_92_1_1_U0,memory_in_local_478_U,,chan_status33.csv
dataflow_in_loop_VITIS_LOOP_92_1_1_U0,memory_in_local_479_U,,chan_status34.csv
dataflow_in_loop_VITIS_LOOP_92_1_1_U0,memory_in_local_480_U,,chan_status35.csv
dataflow_in_loop_VITIS_LOOP_92_1_1_U0,memory_in_local_481_U,,chan_status36.csv
dataflow_in_loop_VITIS_LOOP_92_1_1_U0,memory_in_local_482_U,,chan_status37.csv
dataflow_in_loop_VITIS_LOOP_92_1_1_U0,memory_in_local_483_U,,chan_status38.csv
dataflow_in_loop_VITIS_LOOP_92_1_1_U0,memory_in_local_484_U,,chan_status39.csv
dataflow_in_loop_VITIS_LOOP_92_1_1_U0,memory_in_local_485_U,,chan_status40.csv
dataflow_in_loop_VITIS_LOOP_92_1_1_U0,memory_in_local_486_U,,chan_status41.csv
dataflow_in_loop_VITIS_LOOP_92_1_1_U0,memory_in_local_487_U,,chan_status42.csv
dataflow_in_loop_VITIS_LOOP_92_1_1_U0,memory_in_local_488_U,,chan_status43.csv
dataflow_in_loop_VITIS_LOOP_92_1_1_U0,memory_in_local_489_U,,chan_status44.csv
dataflow_in_loop_VITIS_LOOP_92_1_1_U0,memory_in_local_490_U,,chan_status45.csv
dataflow_in_loop_VITIS_LOOP_92_1_1_U0,memory_in_local_491_U,,chan_status46.csv
dataflow_in_loop_VITIS_LOOP_92_1_1_U0,memory_in_local_492_U,,chan_status47.csv
dataflow_in_loop_VITIS_LOOP_92_1_1_U0,memory_in_local_493_U,,chan_status48.csv
dataflow_in_loop_VITIS_LOOP_92_1_1_U0,memory_in_local_494_U,,chan_status49.csv
dataflow_in_loop_VITIS_LOOP_92_1_1_U0,memory_in_local_495_U,,chan_status50.csv
dataflow_in_loop_VITIS_LOOP_92_1_1_U0,memory_in_local_496_U,,chan_status51.csv
dataflow_in_loop_VITIS_LOOP_92_1_1_U0,memory_in_local_497_U,,chan_status52.csv
dataflow_in_loop_VITIS_LOOP_92_1_1_U0,memory_in_local_498_U,,chan_status53.csv
dataflow_in_loop_VITIS_LOOP_92_1_1_U0,memory_in_local_499_U,,chan_status54.csv
dataflow_in_loop_VITIS_LOOP_92_1_1_U0,memory_in_local_500_U,,chan_status55.csv
dataflow_in_loop_VITIS_LOOP_92_1_1_U0,memory_in_local_501_U,,chan_status56.csv
dataflow_in_loop_VITIS_LOOP_92_1_1_U0,memory_in_local_502_U,,chan_status57.csv
dataflow_in_loop_VITIS_LOOP_92_1_1_U0,memory_in_local_503_U,,chan_status58.csv
dataflow_in_loop_VITIS_LOOP_92_1_1_U0,memory_in_local_504_U,,chan_status59.csv
dataflow_in_loop_VITIS_LOOP_92_1_1_U0,memory_in_local_505_U,,chan_status60.csv
dataflow_in_loop_VITIS_LOOP_92_1_1_U0,memory_in_local_506_U,,chan_status61.csv
dataflow_in_loop_VITIS_LOOP_92_1_1_U0,memory_in_local_507_U,,chan_status62.csv
dataflow_in_loop_VITIS_LOOP_92_1_1_U0,memory_in_local_508_U,,chan_status63.csv
dataflow_in_loop_VITIS_LOOP_92_1_1_U0,memory_in_local_509_U,,chan_status64.csv
dataflow_in_loop_VITIS_LOOP_92_1_1_U0,memory_in_local_510_U,,chan_status65.csv
dataflow_in_loop_VITIS_LOOP_92_1_1_U0,memory_in_local_511_U,,chan_status66.csv
dataflow_in_loop_VITIS_LOOP_92_1_1_U0,memory_in_local_512_U,,chan_status67.csv
dataflow_in_loop_VITIS_LOOP_92_1_1_U0,memory_in_local_513_U,,chan_status68.csv
dataflow_in_loop_VITIS_LOOP_92_1_1_U0,memory_in_local_514_U,,chan_status69.csv
dataflow_in_loop_VITIS_LOOP_92_1_1_U0,memory_in_local_515_U,,chan_status70.csv
dataflow_in_loop_VITIS_LOOP_92_1_1_U0,memory_in_local_516_U,,chan_status71.csv
dataflow_in_loop_VITIS_LOOP_92_1_1_U0,memory_in_local_517_U,,chan_status72.csv
dataflow_in_loop_VITIS_LOOP_92_1_1_U0,memory_in_local_518_U,,chan_status73.csv
dataflow_in_loop_VITIS_LOOP_92_1_1_U0,memory_in_local_519_U,,chan_status74.csv
dataflow_in_loop_VITIS_LOOP_92_1_1_U0,memory_in_local_520_U,,chan_status75.csv
dataflow_in_loop_VITIS_LOOP_92_1_1_U0,memory_in_local_521_U,,chan_status76.csv
dataflow_in_loop_VITIS_LOOP_92_1_1_U0,memory_in_local_522_U,,chan_status77.csv
dataflow_in_loop_VITIS_LOOP_92_1_1_U0,memory_in_local_523_U,,chan_status78.csv
dataflow_in_loop_VITIS_LOOP_92_1_1_U0,memory_in_local_524_U,,chan_status79.csv
dataflow_in_loop_VITIS_LOOP_92_1_1_U0,memory_in_local_525_U,,chan_status80.csv
dataflow_in_loop_VITIS_LOOP_92_1_1_U0,memory_in_local_526_U,,chan_status81.csv
dataflow_in_loop_VITIS_LOOP_92_1_1_U0,memory_in_local_527_U,,chan_status82.csv
dataflow_in_loop_VITIS_LOOP_92_1_1_U0,memory_in_local_528_U,,chan_status83.csv
dataflow_in_loop_VITIS_LOOP_92_1_1_U0,memory_in_local_529_U,,chan_status84.csv
dataflow_in_loop_VITIS_LOOP_92_1_1_U0,memory_in_local_530_U,,chan_status85.csv
dataflow_in_loop_VITIS_LOOP_92_1_1_U0,memory_in_local_531_U,,chan_status86.csv
dataflow_in_loop_VITIS_LOOP_92_1_1_U0,memory_in_local_532_U,,chan_status87.csv
dataflow_in_loop_VITIS_LOOP_92_1_1_U0,memory_in_local_533_U,,chan_status88.csv
dataflow_in_loop_VITIS_LOOP_92_1_1_U0,memory_in_local_534_U,,chan_status89.csv
dataflow_in_loop_VITIS_LOOP_92_1_1_U0,memory_in_local_535_U,,chan_status90.csv
dataflow_in_loop_VITIS_LOOP_92_1_1_U0,memory_in_local_536_U,,chan_status91.csv
dataflow_in_loop_VITIS_LOOP_92_1_1_U0,memory_in_local_537_U,,chan_status92.csv
dataflow_in_loop_VITIS_LOOP_92_1_1_U0,memory_in_local_538_U,,chan_status93.csv
dataflow_in_loop_VITIS_LOOP_92_1_1_U0,memory_in_local_539_U,,chan_status94.csv
dataflow_in_loop_VITIS_LOOP_92_1_1_U0,memory_in_local_540_U,,chan_status95.csv
dataflow_in_loop_VITIS_LOOP_92_1_1_U0,memory_in_local_541_U,,chan_status96.csv
dataflow_in_loop_VITIS_LOOP_92_1_1_U0,memory_in_local_542_U,,chan_status97.csv
dataflow_in_loop_VITIS_LOOP_92_1_1_U0,memory_in_local_543_U,,chan_status98.csv
dataflow_in_loop_VITIS_LOOP_92_1_1_U0,memory_in_local_544_U,,chan_status99.csv
dataflow_in_loop_VITIS_LOOP_92_1_1_U0,memory_in_local_545_U,,chan_status100.csv
dataflow_in_loop_VITIS_LOOP_92_1_1_U0,memory_in_local_546_U,,chan_status101.csv
dataflow_in_loop_VITIS_LOOP_92_1_1_U0,memory_in_local_547_U,,chan_status102.csv
dataflow_in_loop_VITIS_LOOP_92_1_1_U0,memory_in_local_548_U,,chan_status103.csv
dataflow_in_loop_VITIS_LOOP_92_1_1_U0,memory_in_local_549_U,,chan_status104.csv
dataflow_in_loop_VITIS_LOOP_92_1_1_U0,memory_in_local_550_U,,chan_status105.csv
dataflow_in_loop_VITIS_LOOP_92_1_1_U0,memory_in_local_551_U,,chan_status106.csv
dataflow_in_loop_VITIS_LOOP_92_1_1_U0,memory_in_local_552_U,,chan_status107.csv
dataflow_in_loop_VITIS_LOOP_92_1_1_U0,memory_in_local_553_U,,chan_status108.csv
dataflow_in_loop_VITIS_LOOP_92_1_1_U0,memory_in_local_554_U,,chan_status109.csv
dataflow_in_loop_VITIS_LOOP_92_1_1_U0,memory_in_local_555_U,,chan_status110.csv
dataflow_in_loop_VITIS_LOOP_92_1_1_U0,memory_in_local_556_U,,chan_status111.csv
dataflow_in_loop_VITIS_LOOP_92_1_1_U0,memory_in_local_557_U,,chan_status112.csv
dataflow_in_loop_VITIS_LOOP_92_1_1_U0,memory_in_local_558_U,,chan_status113.csv
dataflow_in_loop_VITIS_LOOP_92_1_1_U0,memory_in_local_559_U,,chan_status114.csv
dataflow_in_loop_VITIS_LOOP_92_1_1_U0,memory_in_local_560_U,,chan_status115.csv
dataflow_in_loop_VITIS_LOOP_92_1_1_U0,memory_in_local_561_U,,chan_status116.csv
dataflow_in_loop_VITIS_LOOP_92_1_1_U0,memory_in_local_562_U,,chan_status117.csv
dataflow_in_loop_VITIS_LOOP_92_1_1_U0,memory_in_local_563_U,,chan_status118.csv
dataflow_in_loop_VITIS_LOOP_92_1_1_U0,memory_in_local_564_U,,chan_status119.csv
dataflow_in_loop_VITIS_LOOP_92_1_1_U0,memory_in_local_565_U,,chan_status120.csv
dataflow_in_loop_VITIS_LOOP_92_1_1_U0,memory_in_local_566_U,,chan_status121.csv
dataflow_in_loop_VITIS_LOOP_92_1_1_U0,memory_in_local_567_U,,chan_status122.csv
dataflow_in_loop_VITIS_LOOP_92_1_1_U0,memory_in_local_568_U,,chan_status123.csv
dataflow_in_loop_VITIS_LOOP_92_1_1_U0,memory_in_local_569_U,,chan_status124.csv
dataflow_in_loop_VITIS_LOOP_92_1_1_U0,memory_in_local_570_U,,chan_status125.csv
dataflow_in_loop_VITIS_LOOP_92_1_1_U0,memory_in_local_571_U,,chan_status126.csv
dataflow_in_loop_VITIS_LOOP_92_1_1_U0,memory_in_local_572_U,,chan_status127.csv
dataflow_in_loop_VITIS_LOOP_92_1_1_U0,memory_in_local_573_U,,chan_status128.csv
dataflow_in_loop_VITIS_LOOP_92_1_1_U0,memory_in_local_574_U,,chan_status129.csv
dataflow_in_loop_VITIS_LOOP_92_1_1_U0,memory_in_local_575_U,,chan_status130.csv
dataflow_in_loop_VITIS_LOOP_92_1_1_U0,memory_in_local_576_U,,chan_status131.csv
dataflow_in_loop_VITIS_LOOP_92_1_1_U0,memory_in_local_577_U,,chan_status132.csv
dataflow_in_loop_VITIS_LOOP_92_1_1_U0,memory_in_local_578_U,,chan_status133.csv
dataflow_in_loop_VITIS_LOOP_92_1_1_U0,memory_in_local_579_U,,chan_status134.csv
dataflow_in_loop_VITIS_LOOP_92_1_1_U0,memory_in_local_580_U,,chan_status135.csv
dataflow_in_loop_VITIS_LOOP_92_1_1_U0,memory_in_local_581_U,,chan_status136.csv
dataflow_in_loop_VITIS_LOOP_92_1_1_U0,memory_in_local_582_U,,chan_status137.csv
dataflow_in_loop_VITIS_LOOP_92_1_1_U0,memory_in_local_583_U,,chan_status138.csv
dataflow_in_loop_VITIS_LOOP_92_1_1_U0,memory_in_local_584_U,,chan_status139.csv
dataflow_in_loop_VITIS_LOOP_92_1_1_U0,memory_in_local_585_U,,chan_status140.csv
dataflow_in_loop_VITIS_LOOP_92_1_1_U0,memory_in_local_586_U,,chan_status141.csv
dataflow_in_loop_VITIS_LOOP_92_1_1_U0,memory_in_local_587_U,,chan_status142.csv
dataflow_in_loop_VITIS_LOOP_92_1_1_U0,memory_in_local_588_U,,chan_status143.csv
dataflow_in_loop_VITIS_LOOP_92_1_1_U0,memory_in_local_589_U,,chan_status144.csv
dataflow_in_loop_VITIS_LOOP_92_1_1_U0,memory_in_local_590_U,,chan_status145.csv
dataflow_in_loop_VITIS_LOOP_92_1_1_U0,memory_in_local_591_U,,chan_status146.csv
dataflow_in_loop_VITIS_LOOP_92_1_1_U0,memory_in_local_592_U,,chan_status147.csv
dataflow_in_loop_VITIS_LOOP_92_1_1_U0,memory_in_local_593_U,,chan_status148.csv
dataflow_in_loop_VITIS_LOOP_92_1_1_U0,memory_in_local_594_U,,chan_status149.csv
dataflow_in_loop_VITIS_LOOP_92_1_1_U0,memory_in_local_595_U,,chan_status150.csv
dataflow_in_loop_VITIS_LOOP_92_1_1_U0,memory_in_local_596_U,,chan_status151.csv
dataflow_in_loop_VITIS_LOOP_92_1_1_U0,memory_in_local_597_U,,chan_status152.csv
dataflow_in_loop_VITIS_LOOP_92_1_1_U0,memory_in_local_598_U,,chan_status153.csv
dataflow_in_loop_VITIS_LOOP_92_1_1_U0,memory_in_local_599_U,,chan_status154.csv
dataflow_in_loop_VITIS_LOOP_92_1_1_U0,memory_in_local_600_U,,chan_status155.csv
dataflow_in_loop_VITIS_LOOP_92_1_1_U0,memory_in_local_601_U,,chan_status156.csv
dataflow_in_loop_VITIS_LOOP_92_1_1_U0,memory_in_local_602_U,,chan_status157.csv
dataflow_in_loop_VITIS_LOOP_92_1_1_U0,memory_in_local_603_U,,chan_status158.csv
dataflow_in_loop_VITIS_LOOP_92_1_1_U0,memory_in_local_604_U,,chan_status159.csv
dataflow_in_loop_VITIS_LOOP_92_1_1_U0,memory_in_local_605_U,,chan_status160.csv
dataflow_in_loop_VITIS_LOOP_92_1_1_U0,memory_in_local_606_U,,chan_status161.csv
dataflow_in_loop_VITIS_LOOP_92_1_1_U0,memory_in_local_607_U,,chan_status162.csv
dataflow_in_loop_VITIS_LOOP_92_1_1_U0,memory_in_local_608_U,,chan_status163.csv
dataflow_in_loop_VITIS_LOOP_92_1_1_U0,memory_in_local_609_U,,chan_status164.csv
dataflow_in_loop_VITIS_LOOP_92_1_1_U0,memory_in_local_610_U,,chan_status165.csv
dataflow_in_loop_VITIS_LOOP_92_1_1_U0,memory_in_local_611_U,,chan_status166.csv
dataflow_in_loop_VITIS_LOOP_92_1_1_U0,memory_in_local_612_U,,chan_status167.csv
dataflow_in_loop_VITIS_LOOP_92_1_1_U0,memory_in_local_613_U,,chan_status168.csv
dataflow_in_loop_VITIS_LOOP_92_1_1_U0,memory_in_local_614_U,,chan_status169.csv
dataflow_in_loop_VITIS_LOOP_92_1_1_U0,memory_in_local_615_U,,chan_status170.csv
dataflow_in_loop_VITIS_LOOP_92_1_1_U0,memory_in_local_616_U,,chan_status171.csv
dataflow_in_loop_VITIS_LOOP_92_1_1_U0,memory_in_local_617_U,,chan_status172.csv
dataflow_in_loop_VITIS_LOOP_92_1_1_U0,memory_in_local_618_U,,chan_status173.csv
dataflow_in_loop_VITIS_LOOP_92_1_1_U0,memory_in_local_619_U,,chan_status174.csv
dataflow_in_loop_VITIS_LOOP_92_1_1_U0,memory_in_local_620_U,,chan_status175.csv
dataflow_in_loop_VITIS_LOOP_92_1_1_U0,memory_in_local_621_U,,chan_status176.csv
dataflow_in_loop_VITIS_LOOP_92_1_1_U0,memory_in_local_622_U,,chan_status177.csv
dataflow_in_loop_VITIS_LOOP_92_1_1_U0,memory_in_local_623_U,,chan_status178.csv
dataflow_in_loop_VITIS_LOOP_92_1_1_U0,memory_in_local_624_U,,chan_status179.csv
dataflow_in_loop_VITIS_LOOP_92_1_1_U0,memory_in_local_625_U,,chan_status180.csv
dataflow_in_loop_VITIS_LOOP_92_1_1_U0,memory_in_local_626_U,,chan_status181.csv
dataflow_in_loop_VITIS_LOOP_92_1_1_U0,memory_in_local_627_U,,chan_status182.csv
dataflow_in_loop_VITIS_LOOP_92_1_1_U0,memory_in_local_628_U,,chan_status183.csv
dataflow_in_loop_VITIS_LOOP_92_1_1_U0,memory_in_local_629_U,,chan_status184.csv
dataflow_in_loop_VITIS_LOOP_92_1_1_U0,memory_in_local_630_U,,chan_status185.csv
dataflow_in_loop_VITIS_LOOP_92_1_1_U0,memory_in_local_631_U,,chan_status186.csv
dataflow_in_loop_VITIS_LOOP_92_1_1_U0,memory_in_local_632_U,,chan_status187.csv
dataflow_in_loop_VITIS_LOOP_92_1_1_U0,memory_in_local_633_U,,chan_status188.csv
dataflow_in_loop_VITIS_LOOP_92_1_1_U0,memory_in_local_634_U,,chan_status189.csv
dataflow_in_loop_VITIS_LOOP_92_1_1_U0,memory_in_local_635_U,,chan_status190.csv
dataflow_in_loop_VITIS_LOOP_92_1_1_U0,memory_in_local_636_U,,chan_status191.csv
dataflow_in_loop_VITIS_LOOP_92_1_1_U0,memory_in_local_637_U,,chan_status192.csv
dataflow_in_loop_VITIS_LOOP_92_1_1_U0,memory_in_local_638_U,,chan_status193.csv
dataflow_in_loop_VITIS_LOOP_92_1_1_U0,memory_in_local_639_U,,chan_status194.csv
dataflow_in_loop_VITIS_LOOP_92_1_1_U0,memory_in_local_640_U,,chan_status195.csv
dataflow_in_loop_VITIS_LOOP_92_1_1_U0,memory_in_local_641_U,,chan_status196.csv
dataflow_in_loop_VITIS_LOOP_92_1_1_U0,memory_in_local_642_U,,chan_status197.csv
dataflow_in_loop_VITIS_LOOP_92_1_1_U0,memory_in_local_643_U,,chan_status198.csv
dataflow_in_loop_VITIS_LOOP_92_1_1_U0,memory_in_local_644_U,,chan_status199.csv
dataflow_in_loop_VITIS_LOOP_92_1_1_U0,memory_in_local_645_U,,chan_status200.csv
dataflow_in_loop_VITIS_LOOP_92_1_1_U0,memory_in_local_646_U,,chan_status201.csv
dataflow_in_loop_VITIS_LOOP_92_1_1_U0,memory_in_local_647_U,,chan_status202.csv
dataflow_in_loop_VITIS_LOOP_92_1_1_U0,memory_in_local_648_U,,chan_status203.csv
dataflow_in_loop_VITIS_LOOP_92_1_1_U0,memory_in_local_649_U,,chan_status204.csv
dataflow_in_loop_VITIS_LOOP_92_1_1_U0,memory_in_local_650_U,,chan_status205.csv
dataflow_in_loop_VITIS_LOOP_92_1_1_U0,memory_in_local_651_U,,chan_status206.csv
dataflow_in_loop_VITIS_LOOP_92_1_1_U0,memory_in_local_652_U,,chan_status207.csv
dataflow_in_loop_VITIS_LOOP_92_1_1_U0,memory_in_local_653_U,,chan_status208.csv
dataflow_in_loop_VITIS_LOOP_92_1_1_U0,memory_in_local_654_U,,chan_status209.csv
dataflow_in_loop_VITIS_LOOP_92_1_1_U0,memory_in_local_655_U,,chan_status210.csv
dataflow_in_loop_VITIS_LOOP_92_1_1_U0,memory_in_local_656_U,,chan_status211.csv
dataflow_in_loop_VITIS_LOOP_92_1_1_U0,memory_in_local_657_U,,chan_status212.csv
dataflow_in_loop_VITIS_LOOP_92_1_1_U0,memory_in_local_658_U,,chan_status213.csv
dataflow_in_loop_VITIS_LOOP_92_1_1_U0,memory_in_local_659_U,,chan_status214.csv
dataflow_in_loop_VITIS_LOOP_92_1_1_U0,memory_in_local_660_U,,chan_status215.csv
dataflow_in_loop_VITIS_LOOP_92_1_1_U0,memory_in_local_661_U,,chan_status216.csv
dataflow_in_loop_VITIS_LOOP_92_1_1_U0,memory_in_local_662_U,,chan_status217.csv
dataflow_in_loop_VITIS_LOOP_92_1_1_U0,memory_in_local_663_U,,chan_status218.csv
dataflow_in_loop_VITIS_LOOP_92_1_1_U0,memory_in_local_664_U,,chan_status219.csv
dataflow_in_loop_VITIS_LOOP_92_1_1_U0,memory_in_local_665_U,,chan_status220.csv
dataflow_in_loop_VITIS_LOOP_92_1_1_U0,memory_in_local_666_U,,chan_status221.csv
dataflow_in_loop_VITIS_LOOP_92_1_1_U0,memory_in_local_667_U,,chan_status222.csv
dataflow_in_loop_VITIS_LOOP_92_1_1_U0,memory_in_local_668_U,,chan_status223.csv
dataflow_in_loop_VITIS_LOOP_92_1_1_U0,memory_in_local_669_U,,chan_status224.csv
dataflow_in_loop_VITIS_LOOP_92_1_1_U0,memory_in_local_670_U,,chan_status225.csv
dataflow_in_loop_VITIS_LOOP_92_1_1_U0,memory_in_local_671_U,,chan_status226.csv
dataflow_in_loop_VITIS_LOOP_92_1_1_U0,memory_in_local_672_U,,chan_status227.csv
dataflow_in_loop_VITIS_LOOP_92_1_1_U0,memory_in_local_673_U,,chan_status228.csv
dataflow_in_loop_VITIS_LOOP_92_1_1_U0,memory_in_local_674_U,,chan_status229.csv
dataflow_in_loop_VITIS_LOOP_92_1_1_U0,memory_in_local_675_U,,chan_status230.csv
dataflow_in_loop_VITIS_LOOP_92_1_1_U0,memory_in_local_676_U,,chan_status231.csv
dataflow_in_loop_VITIS_LOOP_92_1_1_U0,memory_in_local_677_U,,chan_status232.csv
dataflow_in_loop_VITIS_LOOP_92_1_1_U0,memory_in_local_678_U,,chan_status233.csv
dataflow_in_loop_VITIS_LOOP_92_1_1_U0,memory_in_local_679_U,,chan_status234.csv
dataflow_in_loop_VITIS_LOOP_92_1_1_U0,memory_in_local_680_U,,chan_status235.csv
dataflow_in_loop_VITIS_LOOP_92_1_1_U0,memory_in_local_681_U,,chan_status236.csv
dataflow_in_loop_VITIS_LOOP_92_1_1_U0,memory_in_local_682_U,,chan_status237.csv
dataflow_in_loop_VITIS_LOOP_92_1_1_U0,memory_in_local_683_U,,chan_status238.csv
dataflow_in_loop_VITIS_LOOP_92_1_1_U0,memory_in_local_684_U,,chan_status239.csv
dataflow_in_loop_VITIS_LOOP_92_1_1_U0,memory_in_local_685_U,,chan_status240.csv
dataflow_in_loop_VITIS_LOOP_92_1_1_U0,memory_in_local_686_U,,chan_status241.csv
dataflow_in_loop_VITIS_LOOP_92_1_1_U0,memory_in_local_687_U,,chan_status242.csv
dataflow_in_loop_VITIS_LOOP_92_1_1_U0,memory_in_local_688_U,,chan_status243.csv
dataflow_in_loop_VITIS_LOOP_92_1_1_U0,memory_in_local_689_U,,chan_status244.csv
dataflow_in_loop_VITIS_LOOP_92_1_1_U0,memory_in_local_690_U,,chan_status245.csv
dataflow_in_loop_VITIS_LOOP_92_1_1_U0,memory_in_local_691_U,,chan_status246.csv
dataflow_in_loop_VITIS_LOOP_92_1_1_U0,memory_in_local_692_U,,chan_status247.csv
dataflow_in_loop_VITIS_LOOP_92_1_1_U0,memory_in_local_693_U,,chan_status248.csv
dataflow_in_loop_VITIS_LOOP_92_1_1_U0,memory_in_local_694_U,,chan_status249.csv
dataflow_in_loop_VITIS_LOOP_92_1_1_U0,memory_in_local_695_U,,chan_status250.csv
dataflow_in_loop_VITIS_LOOP_92_1_1_U0,memory_in_local_696_U,,chan_status251.csv
dataflow_in_loop_VITIS_LOOP_92_1_1_U0,memory_in_local_697_U,,chan_status252.csv
dataflow_in_loop_VITIS_LOOP_92_1_1_U0,memory_in_local_698_U,,chan_status253.csv
dataflow_in_loop_VITIS_LOOP_92_1_1_U0,memory_in_local_699_U,,chan_status254.csv
dataflow_in_loop_VITIS_LOOP_92_1_1_U0,memory_in_local_700_U,,chan_status255.csv
dataflow_in_loop_VITIS_LOOP_92_1_1_U0,memory_in_local_701_U,,chan_status256.csv
dataflow_in_loop_VITIS_LOOP_92_1_1_U0,memory_in_local_702_U,,chan_status257.csv
dataflow_in_loop_VITIS_LOOP_92_1_1_U0,memory_in_local_703_U,,chan_status258.csv
dataflow_in_loop_VITIS_LOOP_92_1_1_U0,memory_in_local_704_U,,chan_status259.csv
dataflow_in_loop_VITIS_LOOP_92_1_1_U0,memory_in_local_705_U,,chan_status260.csv
dataflow_in_loop_VITIS_LOOP_92_1_1_U0,memory_in_local_706_U,,chan_status261.csv
dataflow_in_loop_VITIS_LOOP_92_1_1_U0,memory_in_local_707_U,,chan_status262.csv
dataflow_in_loop_VITIS_LOOP_92_1_1_U0,memory_in_local_708_U,,chan_status263.csv
dataflow_in_loop_VITIS_LOOP_92_1_1_U0,memory_in_local_709_U,,chan_status264.csv
dataflow_in_loop_VITIS_LOOP_92_1_1_U0,memory_in_local_710_U,,chan_status265.csv
dataflow_in_loop_VITIS_LOOP_92_1_1_U0,memory_in_local_711_U,,chan_status266.csv
dataflow_in_loop_VITIS_LOOP_92_1_1_U0,memory_in_local_712_U,,chan_status267.csv
dataflow_in_loop_VITIS_LOOP_92_1_1_U0,memory_in_local_713_U,,chan_status268.csv
dataflow_in_loop_VITIS_LOOP_92_1_1_U0,memory_in_local_714_U,,chan_status269.csv
dataflow_in_loop_VITIS_LOOP_92_1_1_U0,memory_in_local_715_U,,chan_status270.csv
dataflow_in_loop_VITIS_LOOP_92_1_1_U0,memory_in_local_716_U,,chan_status271.csv
dataflow_in_loop_VITIS_LOOP_92_1_1_U0,memory_in_local_717_U,,chan_status272.csv
dataflow_in_loop_VITIS_LOOP_92_1_1_U0,memory_in_local_718_U,,chan_status273.csv
dataflow_in_loop_VITIS_LOOP_92_1_1_U0,memory_in_local_719_U,,chan_status274.csv
dataflow_in_loop_VITIS_LOOP_92_1_1_U0,memory_in_local_720_U,,chan_status275.csv
dataflow_in_loop_VITIS_LOOP_92_1_1_U0,memory_in_local_721_U,,chan_status276.csv
dataflow_in_loop_VITIS_LOOP_92_1_1_U0,memory_in_local_722_U,,chan_status277.csv
dataflow_in_loop_VITIS_LOOP_92_1_1_U0,memory_in_local_723_U,,chan_status278.csv
dataflow_in_loop_VITIS_LOOP_92_1_1_U0,memory_in_local_724_U,,chan_status279.csv
dataflow_in_loop_VITIS_LOOP_92_1_1_U0,memory_in_local_725_U,,chan_status280.csv
dataflow_in_loop_VITIS_LOOP_92_1_1_U0,memory_in_local_726_U,,chan_status281.csv
dataflow_in_loop_VITIS_LOOP_92_1_1_U0,memory_in_local_727_U,,chan_status282.csv
dataflow_in_loop_VITIS_LOOP_92_1_1_U0,memory_in_local_728_U,,chan_status283.csv
dataflow_in_loop_VITIS_LOOP_92_1_1_U0,memory_in_local_729_U,,chan_status284.csv
dataflow_in_loop_VITIS_LOOP_92_1_1_U0,memory_in_local_730_U,,chan_status285.csv
dataflow_in_loop_VITIS_LOOP_92_1_1_U0,memory_in_local_731_U,,chan_status286.csv
dataflow_in_loop_VITIS_LOOP_92_1_1_U0,memory_in_local_732_U,,chan_status287.csv
dataflow_in_loop_VITIS_LOOP_92_1_1_U0,memory_in_local_733_U,,chan_status288.csv
dataflow_in_loop_VITIS_LOOP_92_1_1_U0,memory_in_local_734_U,,chan_status289.csv
dataflow_in_loop_VITIS_LOOP_92_1_1_U0,memory_in_local_735_U,,chan_status290.csv
dataflow_in_loop_VITIS_LOOP_92_1_1_U0,memory_in_local_736_U,,chan_status291.csv
dataflow_in_loop_VITIS_LOOP_92_1_1_U0,memory_in_local_737_U,,chan_status292.csv
dataflow_in_loop_VITIS_LOOP_92_1_1_U0,memory_in_local_738_U,,chan_status293.csv
dataflow_in_loop_VITIS_LOOP_92_1_1_U0,memory_in_local_739_U,,chan_status294.csv
dataflow_in_loop_VITIS_LOOP_92_1_1_U0,memory_in_local_740_U,,chan_status295.csv
dataflow_in_loop_VITIS_LOOP_92_1_1_U0,memory_in_local_741_U,,chan_status296.csv
dataflow_in_loop_VITIS_LOOP_92_1_1_U0,memory_in_local_742_U,,chan_status297.csv
dataflow_in_loop_VITIS_LOOP_92_1_1_U0,memory_in_local_743_U,,chan_status298.csv
dataflow_in_loop_VITIS_LOOP_92_1_1_U0,memory_in_local_744_U,,chan_status299.csv
dataflow_in_loop_VITIS_LOOP_92_1_1_U0,memory_in_local_745_U,,chan_status300.csv
dataflow_in_loop_VITIS_LOOP_92_1_1_U0,memory_in_local_746_U,,chan_status301.csv
dataflow_in_loop_VITIS_LOOP_92_1_1_U0,memory_in_local_747_U,,chan_status302.csv
dataflow_in_loop_VITIS_LOOP_92_1_1_U0,memory_in_local_748_U,,chan_status303.csv
dataflow_in_loop_VITIS_LOOP_92_1_1_U0,memory_in_local_749_U,,chan_status304.csv
dataflow_in_loop_VITIS_LOOP_92_1_1_U0,memory_in_local_750_U,,chan_status305.csv
dataflow_in_loop_VITIS_LOOP_92_1_1_U0,memory_in_local_751_U,,chan_status306.csv
dataflow_in_loop_VITIS_LOOP_92_1_1_U0,memory_in_local_752_U,,chan_status307.csv
dataflow_in_loop_VITIS_LOOP_92_1_1_U0,memory_in_local_753_U,,chan_status308.csv
dataflow_in_loop_VITIS_LOOP_92_1_1_U0,memory_in_local_754_U,,chan_status309.csv
dataflow_in_loop_VITIS_LOOP_92_1_1_U0,memory_in_local_755_U,,chan_status310.csv
dataflow_in_loop_VITIS_LOOP_92_1_1_U0,memory_in_local_756_U,,chan_status311.csv
dataflow_in_loop_VITIS_LOOP_92_1_1_U0,memory_in_local_757_U,,chan_status312.csv
dataflow_in_loop_VITIS_LOOP_92_1_1_U0,memory_in_local_758_U,,chan_status313.csv
dataflow_in_loop_VITIS_LOOP_92_1_1_U0,memory_in_local_759_U,,chan_status314.csv
dataflow_in_loop_VITIS_LOOP_92_1_1_U0,memory_in_local_760_U,,chan_status315.csv
dataflow_in_loop_VITIS_LOOP_92_1_1_U0,memory_in_local_761_U,,chan_status316.csv
dataflow_in_loop_VITIS_LOOP_92_1_1_U0,memory_in_local_762_U,,chan_status317.csv
dataflow_in_loop_VITIS_LOOP_92_1_1_U0,memory_in_local_763_U,,chan_status318.csv
dataflow_in_loop_VITIS_LOOP_92_1_1_U0,memory_in_local_764_U,,chan_status319.csv
dataflow_in_loop_VITIS_LOOP_92_1_1_U0,memory_in_local_765_U,,chan_status320.csv
dataflow_in_loop_VITIS_LOOP_92_1_1_U0,memory_in_local_766_U,,chan_status321.csv
dataflow_in_loop_VITIS_LOOP_92_1_1_U0,memory_in_local_767_U,,chan_status322.csv
dataflow_in_loop_VITIS_LOOP_92_1_1_U0,memory_in_local_768_U,,chan_status323.csv
dataflow_in_loop_VITIS_LOOP_92_1_1_U0,memory_in_local_769_U,,chan_status324.csv
dataflow_in_loop_VITIS_LOOP_92_1_1_U0,memory_in_local_770_U,,chan_status325.csv
dataflow_in_loop_VITIS_LOOP_92_1_1_U0,memory_in_local_771_U,,chan_status326.csv
dataflow_in_loop_VITIS_LOOP_92_1_1_U0,memory_in_local_772_U,,chan_status327.csv
dataflow_in_loop_VITIS_LOOP_92_1_1_U0,memory_in_local_773_U,,chan_status328.csv
dataflow_in_loop_VITIS_LOOP_92_1_1_U0,memory_in_local_774_U,,chan_status329.csv
dataflow_in_loop_VITIS_LOOP_92_1_1_U0,memory_in_local_775_U,,chan_status330.csv
dataflow_in_loop_VITIS_LOOP_92_1_1_U0,memory_in_local_776_U,,chan_status331.csv
dataflow_in_loop_VITIS_LOOP_92_1_1_U0,memory_in_local_777_U,,chan_status332.csv
dataflow_in_loop_VITIS_LOOP_92_1_1_U0,memory_in_local_778_U,,chan_status333.csv
dataflow_in_loop_VITIS_LOOP_92_1_1_U0,memory_in_local_779_U,,chan_status334.csv
dataflow_in_loop_VITIS_LOOP_92_1_1_U0,memory_in_local_780_U,,chan_status335.csv
dataflow_in_loop_VITIS_LOOP_92_1_1_U0,memory_in_local_781_U,,chan_status336.csv
dataflow_in_loop_VITIS_LOOP_92_1_1_U0,memory_in_local_782_U,,chan_status337.csv
dataflow_in_loop_VITIS_LOOP_92_1_1_U0,memory_in_local_783_U,,chan_status338.csv
dataflow_in_loop_VITIS_LOOP_92_1_1_U0,memory_in_local_784_U,,chan_status339.csv
dataflow_in_loop_VITIS_LOOP_92_1_1_U0,memory_in_local_785_U,,chan_status340.csv
dataflow_in_loop_VITIS_LOOP_92_1_1_U0,memory_in_local_786_U,,chan_status341.csv
dataflow_in_loop_VITIS_LOOP_92_1_1_U0,memory_in_local_787_U,,chan_status342.csv
dataflow_in_loop_VITIS_LOOP_92_1_1_U0,memory_in_local_788_U,,chan_status343.csv
dataflow_in_loop_VITIS_LOOP_92_1_1_U0,memory_in_local_789_U,,chan_status344.csv
dataflow_in_loop_VITIS_LOOP_92_1_1_U0,memory_in_local_790_U,,chan_status345.csv
dataflow_in_loop_VITIS_LOOP_92_1_1_U0,memory_in_local_791_U,,chan_status346.csv
dataflow_in_loop_VITIS_LOOP_92_1_1_U0,memory_in_local_792_U,,chan_status347.csv
dataflow_in_loop_VITIS_LOOP_92_1_1_U0,memory_in_local_793_U,,chan_status348.csv
dataflow_in_loop_VITIS_LOOP_92_1_1_U0,memory_in_local_794_U,,chan_status349.csv
dataflow_in_loop_VITIS_LOOP_92_1_1_U0,memory_in_local_795_U,,chan_status350.csv
dataflow_in_loop_VITIS_LOOP_92_1_1_U0,memory_in_local_796_U,,chan_status351.csv
dataflow_in_loop_VITIS_LOOP_92_1_1_U0,memory_in_local_797_U,,chan_status352.csv
dataflow_in_loop_VITIS_LOOP_92_1_1_U0,memory_in_local_798_U,,chan_status353.csv
dataflow_in_loop_VITIS_LOOP_92_1_1_U0,memory_in_local_799_U,,chan_status354.csv
dataflow_in_loop_VITIS_LOOP_92_1_1_U0,memory_in_local_800_U,,chan_status355.csv
dataflow_in_loop_VITIS_LOOP_92_1_1_U0,memory_in_local_801_U,,chan_status356.csv
dataflow_in_loop_VITIS_LOOP_92_1_1_U0,memory_in_local_802_U,,chan_status357.csv
dataflow_in_loop_VITIS_LOOP_92_1_1_U0,memory_in_local_803_U,,chan_status358.csv
dataflow_in_loop_VITIS_LOOP_92_1_1_U0,memory_in_local_804_U,,chan_status359.csv
dataflow_in_loop_VITIS_LOOP_92_1_1_U0,memory_in_local_805_U,,chan_status360.csv
dataflow_in_loop_VITIS_LOOP_92_1_1_U0,memory_in_local_806_U,,chan_status361.csv
dataflow_in_loop_VITIS_LOOP_92_1_1_U0,memory_in_local_807_U,,chan_status362.csv
dataflow_in_loop_VITIS_LOOP_92_1_1_U0,memory_in_local_808_U,,chan_status363.csv
dataflow_in_loop_VITIS_LOOP_92_1_1_U0,memory_in_local_809_U,,chan_status364.csv
dataflow_in_loop_VITIS_LOOP_92_1_1_U0,memory_in_local_810_U,,chan_status365.csv
dataflow_in_loop_VITIS_LOOP_92_1_1_U0,memory_in_local_811_U,,chan_status366.csv
dataflow_in_loop_VITIS_LOOP_92_1_1_U0,memory_in_local_812_U,,chan_status367.csv
dataflow_in_loop_VITIS_LOOP_92_1_1_U0,memory_in_local_813_U,,chan_status368.csv
dataflow_in_loop_VITIS_LOOP_92_1_1_U0,memory_in_local_814_U,,chan_status369.csv
dataflow_in_loop_VITIS_LOOP_92_1_1_U0,memory_in_local_815_U,,chan_status370.csv
dataflow_in_loop_VITIS_LOOP_92_1_1_U0,memory_in_local_816_U,,chan_status371.csv
dataflow_in_loop_VITIS_LOOP_92_1_1_U0,memory_in_local_817_U,,chan_status372.csv
dataflow_in_loop_VITIS_LOOP_92_1_1_U0,memory_in_local_818_U,,chan_status373.csv
dataflow_in_loop_VITIS_LOOP_92_1_1_U0,memory_in_local_819_U,,chan_status374.csv
dataflow_in_loop_VITIS_LOOP_92_1_1_U0,memory_in_local_820_U,,chan_status375.csv
dataflow_in_loop_VITIS_LOOP_92_1_1_U0,memory_in_local_821_U,,chan_status376.csv
dataflow_in_loop_VITIS_LOOP_92_1_1_U0,memory_in_local_822_U,,chan_status377.csv
dataflow_in_loop_VITIS_LOOP_92_1_1_U0,memory_in_local_823_U,,chan_status378.csv
dataflow_in_loop_VITIS_LOOP_92_1_1_U0,memory_in_local_824_U,,chan_status379.csv
dataflow_in_loop_VITIS_LOOP_92_1_1_U0,memory_in_local_825_U,,chan_status380.csv
dataflow_in_loop_VITIS_LOOP_92_1_1_U0,memory_in_local_826_U,,chan_status381.csv
dataflow_in_loop_VITIS_LOOP_92_1_1_U0,memory_in_local_827_U,,chan_status382.csv
dataflow_in_loop_VITIS_LOOP_92_1_1_U0,memory_in_local_828_U,,chan_status383.csv
dataflow_in_loop_VITIS_LOOP_92_1_1_U0,memory_in_local_829_U,,chan_status384.csv
dataflow_in_loop_VITIS_LOOP_92_1_1_U0,memory_in_local_830_U,,chan_status385.csv
dataflow_in_loop_VITIS_LOOP_92_1_1_U0,memory_in_local_831_U,,chan_status386.csv
dataflow_in_loop_VITIS_LOOP_92_1_1_U0,memory_in_local_832_U,,chan_status387.csv
dataflow_in_loop_VITIS_LOOP_92_1_1_U0,memory_in_local_833_U,,chan_status388.csv
dataflow_in_loop_VITIS_LOOP_92_1_1_U0,memory_in_local_834_U,,chan_status389.csv
dataflow_in_loop_VITIS_LOOP_92_1_1_U0,memory_in_local_835_U,,chan_status390.csv
dataflow_in_loop_VITIS_LOOP_92_1_1_U0,memory_in_local_836_U,,chan_status391.csv
dataflow_in_loop_VITIS_LOOP_92_1_1_U0,memory_in_local_837_U,,chan_status392.csv
dataflow_in_loop_VITIS_LOOP_92_1_1_U0,memory_in_local_838_U,,chan_status393.csv
dataflow_in_loop_VITIS_LOOP_92_1_1_U0,memory_in_local_839_U,,chan_status394.csv
dataflow_in_loop_VITIS_LOOP_92_1_1_U0,memory_in_local_840_U,,chan_status395.csv
dataflow_in_loop_VITIS_LOOP_92_1_1_U0,memory_in_local_841_U,,chan_status396.csv
dataflow_in_loop_VITIS_LOOP_92_1_1_U0,memory_in_local_842_U,,chan_status397.csv
dataflow_in_loop_VITIS_LOOP_92_1_1_U0,memory_in_local_843_U,,chan_status398.csv
dataflow_in_loop_VITIS_LOOP_92_1_1_U0,memory_in_local_844_U,,chan_status399.csv
dataflow_in_loop_VITIS_LOOP_92_1_1_U0,memory_in_local_845_U,,chan_status400.csv
dataflow_in_loop_VITIS_LOOP_92_1_1_U0,memory_in_local_846_U,,chan_status401.csv
dataflow_in_loop_VITIS_LOOP_92_1_1_U0,memory_in_local_847_U,,chan_status402.csv
dataflow_in_loop_VITIS_LOOP_92_1_1_U0,memory_in_local_848_U,,chan_status403.csv
dataflow_in_loop_VITIS_LOOP_92_1_1_U0,memory_in_local_849_U,,chan_status404.csv
dataflow_in_loop_VITIS_LOOP_92_1_1_U0,memory_in_local_850_U,,chan_status405.csv
dataflow_in_loop_VITIS_LOOP_92_1_1_U0,memory_in_local_851_U,,chan_status406.csv
dataflow_in_loop_VITIS_LOOP_92_1_1_U0,memory_in_local_852_U,,chan_status407.csv
dataflow_in_loop_VITIS_LOOP_92_1_1_U0,memory_in_local_853_U,,chan_status408.csv
dataflow_in_loop_VITIS_LOOP_92_1_1_U0,memory_in_local_854_U,,chan_status409.csv
dataflow_in_loop_VITIS_LOOP_92_1_1_U0,memory_in_local_855_U,,chan_status410.csv
dataflow_in_loop_VITIS_LOOP_92_1_1_U0,memory_in_local_856_U,,chan_status411.csv
dataflow_in_loop_VITIS_LOOP_92_1_1_U0,memory_in_local_857_U,,chan_status412.csv
dataflow_in_loop_VITIS_LOOP_92_1_1_U0,memory_in_local_858_U,,chan_status413.csv
dataflow_in_loop_VITIS_LOOP_92_1_1_U0,memory_in_local_859_U,,chan_status414.csv
dataflow_in_loop_VITIS_LOOP_92_1_1_U0,memory_in_local_860_U,,chan_status415.csv
dataflow_in_loop_VITIS_LOOP_92_1_1_U0,memory_in_local_861_U,,chan_status416.csv
dataflow_in_loop_VITIS_LOOP_92_1_1_U0,memory_in_local_862_U,,chan_status417.csv
dataflow_in_loop_VITIS_LOOP_92_1_1_U0,memory_in_local_863_U,,chan_status418.csv
dataflow_in_loop_VITIS_LOOP_92_1_1_U0,memory_in_local_864_U,,chan_status419.csv
dataflow_in_loop_VITIS_LOOP_92_1_1_U0,memory_in_local_865_U,,chan_status420.csv
dataflow_in_loop_VITIS_LOOP_92_1_1_U0,memory_in_local_866_U,,chan_status421.csv
dataflow_in_loop_VITIS_LOOP_92_1_1_U0,memory_in_local_867_U,,chan_status422.csv
dataflow_in_loop_VITIS_LOOP_92_1_1_U0,memory_in_local_868_U,,chan_status423.csv
dataflow_in_loop_VITIS_LOOP_92_1_1_U0,memory_in_local_869_U,,chan_status424.csv
dataflow_in_loop_VITIS_LOOP_92_1_1_U0,memory_in_local_870_U,,chan_status425.csv
dataflow_in_loop_VITIS_LOOP_92_1_1_U0,memory_in_local_871_U,,chan_status426.csv
dataflow_in_loop_VITIS_LOOP_92_1_1_U0,memory_in_local_872_U,,chan_status427.csv
dataflow_in_loop_VITIS_LOOP_92_1_1_U0,memory_in_local_873_U,,chan_status428.csv
dataflow_in_loop_VITIS_LOOP_92_1_1_U0,memory_in_local_874_U,,chan_status429.csv
dataflow_in_loop_VITIS_LOOP_92_1_1_U0,memory_in_local_875_U,,chan_status430.csv
dataflow_in_loop_VITIS_LOOP_92_1_1_U0,memory_in_local_876_U,,chan_status431.csv
dataflow_in_loop_VITIS_LOOP_92_1_1_U0,memory_in_local_877_U,,chan_status432.csv
dataflow_in_loop_VITIS_LOOP_92_1_1_U0,memory_in_local_878_U,,chan_status433.csv
dataflow_in_loop_VITIS_LOOP_92_1_1_U0,memory_in_local_879_U,,chan_status434.csv
dataflow_in_loop_VITIS_LOOP_92_1_1_U0,memory_in_local_880_U,,chan_status435.csv
dataflow_in_loop_VITIS_LOOP_92_1_1_U0,memory_in_local_881_U,,chan_status436.csv
dataflow_in_loop_VITIS_LOOP_92_1_1_U0,memory_in_local_882_U,,chan_status437.csv
dataflow_in_loop_VITIS_LOOP_92_1_1_U0,memory_in_local_883_U,,chan_status438.csv
dataflow_in_loop_VITIS_LOOP_92_1_1_U0,memory_in_local_884_U,,chan_status439.csv
dataflow_in_loop_VITIS_LOOP_92_1_1_U0,memory_in_local_885_U,,chan_status440.csv
dataflow_in_loop_VITIS_LOOP_92_1_1_U0,memory_in_local_886_U,,chan_status441.csv
dataflow_in_loop_VITIS_LOOP_92_1_1_U0,memory_in_local_887_U,,chan_status442.csv
dataflow_in_loop_VITIS_LOOP_92_1_1_U0,memory_in_local_888_U,,chan_status443.csv
dataflow_in_loop_VITIS_LOOP_92_1_1_U0,memory_in_local_889_U,,chan_status444.csv
dataflow_in_loop_VITIS_LOOP_92_1_1_U0,memory_in_local_890_U,,chan_status445.csv
dataflow_in_loop_VITIS_LOOP_92_1_1_U0,memory_in_local_891_U,,chan_status446.csv
dataflow_in_loop_VITIS_LOOP_92_1_1_U0,memory_in_local_892_U,,chan_status447.csv
dataflow_in_loop_VITIS_LOOP_92_1_1_U0,memory_in_local_893_U,,chan_status448.csv
dataflow_in_loop_VITIS_LOOP_92_1_1_U0,memory_in_local_894_U,,chan_status449.csv
dataflow_in_loop_VITIS_LOOP_92_1_1_U0,memory_in_local_895_U,,chan_status450.csv
dataflow_in_loop_VITIS_LOOP_92_1_1_U0,memory_in_local_896_U,,chan_status451.csv
dataflow_in_loop_VITIS_LOOP_92_1_1_U0,memory_in_local_897_U,,chan_status452.csv
dataflow_in_loop_VITIS_LOOP_92_1_1_U0,memory_in_local898_U,,chan_status453.csv
dataflow_in_loop_VITIS_LOOP_92_1_1_U0,out_mem_U,,chan_status454.csv
dataflow_in_loop_VITIS_LOOP_92_1_1_U0,out_mem_1_U,,chan_status455.csv
dataflow_in_loop_VITIS_LOOP_92_1_1_U0,out_mem_2_U,,chan_status456.csv
dataflow_in_loop_VITIS_LOOP_92_1_1_U0,out_mem_3_U,,chan_status457.csv
dataflow_in_loop_VITIS_LOOP_92_1_1_U0,out_mem_4_U,,chan_status458.csv
dataflow_in_loop_VITIS_LOOP_92_1_1_U0,out_mem_5_U,,chan_status459.csv
dataflow_in_loop_VITIS_LOOP_92_1_1_U0,out_mem_6_U,,chan_status460.csv
dataflow_in_loop_VITIS_LOOP_92_1_1_U0,out_mem_7_U,,chan_status461.csv
dataflow_in_loop_VITIS_LOOP_92_1_1_U0,out_mem_8_U,,chan_status462.csv
dataflow_in_loop_VITIS_LOOP_92_1_1_U0,out_mem_9_U,,chan_status463.csv
dataflow_in_loop_VITIS_LOOP_92_1_1_U0,out_mem_10_U,,chan_status464.csv
dataflow_in_loop_VITIS_LOOP_92_1_1_U0,out_mem_11_U,,chan_status465.csv
dataflow_in_loop_VITIS_LOOP_92_1_1_U0,out_mem_12_U,,chan_status466.csv
dataflow_in_loop_VITIS_LOOP_92_1_1_U0,out_mem_13_U,,chan_status467.csv
dataflow_in_loop_VITIS_LOOP_92_1_1_U0,out_mem_14_U,,chan_status468.csv
dataflow_in_loop_VITIS_LOOP_92_1_1_U0,out_mem_15_U,,chan_status469.csv
dataflow_in_loop_VITIS_LOOP_92_1_1_U0,out_mem_16_U,,chan_status470.csv
dataflow_in_loop_VITIS_LOOP_92_1_1_U0,out_mem_17_U,,chan_status471.csv
dataflow_in_loop_VITIS_LOOP_92_1_1_U0,out_mem_18_U,,chan_status472.csv
dataflow_in_loop_VITIS_LOOP_92_1_1_U0,out_mem_19_U,,chan_status473.csv
dataflow_in_loop_VITIS_LOOP_92_1_1_U0,out_mem_20_U,,chan_status474.csv
dataflow_in_loop_VITIS_LOOP_92_1_1_U0,out_mem_21_U,,chan_status475.csv
dataflow_in_loop_VITIS_LOOP_92_1_1_U0,out_mem_22_U,,chan_status476.csv
dataflow_in_loop_VITIS_LOOP_92_1_1_U0,out_mem_23_U,,chan_status477.csv
dataflow_in_loop_VITIS_LOOP_92_1_1_U0,out_mem_24_U,,chan_status478.csv
dataflow_in_loop_VITIS_LOOP_92_1_1_U0,out_mem_25_U,,chan_status479.csv
dataflow_in_loop_VITIS_LOOP_92_1_1_U0,out_mem_26_U,,chan_status480.csv
dataflow_in_loop_VITIS_LOOP_92_1_1_U0,out_mem_27_U,,chan_status481.csv
dataflow_in_loop_VITIS_LOOP_92_1_1_U0,out_mem_28_U,,chan_status482.csv
dataflow_in_loop_VITIS_LOOP_92_1_1_U0,out_mem_29_U,,chan_status483.csv
dataflow_in_loop_VITIS_LOOP_92_1_1_U0,out_mem_30_U,,chan_status484.csv
dataflow_in_loop_VITIS_LOOP_92_1_1_U0,out_mem_31_U,,chan_status485.csv
dataflow_in_loop_VITIS_LOOP_92_1_1_U0,out_mem_32_U,,chan_status486.csv
dataflow_in_loop_VITIS_LOOP_92_1_1_U0,out_mem_33_U,,chan_status487.csv
dataflow_in_loop_VITIS_LOOP_92_1_1_U0,out_mem_34_U,,chan_status488.csv
dataflow_in_loop_VITIS_LOOP_92_1_1_U0,out_mem_35_U,,chan_status489.csv
dataflow_in_loop_VITIS_LOOP_92_1_1_U0,out_mem_36_U,,chan_status490.csv
dataflow_in_loop_VITIS_LOOP_92_1_1_U0,out_mem_37_U,,chan_status491.csv
dataflow_in_loop_VITIS_LOOP_92_1_1_U0,out_mem_38_U,,chan_status492.csv
dataflow_in_loop_VITIS_LOOP_92_1_1_U0,out_mem_39_U,,chan_status493.csv
dataflow_in_loop_VITIS_LOOP_92_1_1_U0,out_mem_40_U,,chan_status494.csv
dataflow_in_loop_VITIS_LOOP_92_1_1_U0,out_mem_41_U,,chan_status495.csv
dataflow_in_loop_VITIS_LOOP_92_1_1_U0,out_mem_42_U,,chan_status496.csv
dataflow_in_loop_VITIS_LOOP_92_1_1_U0,out_mem_43_U,,chan_status497.csv
dataflow_in_loop_VITIS_LOOP_92_1_1_U0,out_mem_44_U,,chan_status498.csv
dataflow_in_loop_VITIS_LOOP_92_1_1_U0,out_mem_45_U,,chan_status499.csv
dataflow_in_loop_VITIS_LOOP_92_1_1_U0,out_mem_46_U,,chan_status500.csv
dataflow_in_loop_VITIS_LOOP_92_1_1_U0,out_mem_47_U,,chan_status501.csv
dataflow_in_loop_VITIS_LOOP_92_1_1_U0,out_mem_48_U,,chan_status502.csv
dataflow_in_loop_VITIS_LOOP_92_1_1_U0,out_mem_49_U,,chan_status503.csv
dataflow_in_loop_VITIS_LOOP_92_1_1_U0,out_mem_50_U,,chan_status504.csv
dataflow_in_loop_VITIS_LOOP_92_1_1_U0,out_mem_51_U,,chan_status505.csv
dataflow_in_loop_VITIS_LOOP_92_1_1_U0,out_mem_52_U,,chan_status506.csv
dataflow_in_loop_VITIS_LOOP_92_1_1_U0,out_mem_53_U,,chan_status507.csv
dataflow_in_loop_VITIS_LOOP_92_1_1_U0,out_mem_54_U,,chan_status508.csv
dataflow_in_loop_VITIS_LOOP_92_1_1_U0,out_mem_55_U,,chan_status509.csv
dataflow_in_loop_VITIS_LOOP_92_1_1_U0,out_mem_56_U,,chan_status510.csv
dataflow_in_loop_VITIS_LOOP_92_1_1_U0,out_mem_57_U,,chan_status511.csv
dataflow_in_loop_VITIS_LOOP_92_1_1_U0,out_mem_58_U,,chan_status512.csv
dataflow_in_loop_VITIS_LOOP_92_1_1_U0,out_mem_59_U,,chan_status513.csv
dataflow_in_loop_VITIS_LOOP_92_1_1_U0,out_mem_60_U,,chan_status514.csv
dataflow_in_loop_VITIS_LOOP_92_1_1_U0,out_mem_61_U,,chan_status515.csv
dataflow_in_loop_VITIS_LOOP_92_1_1_U0,out_mem_62_U,,chan_status516.csv
dataflow_in_loop_VITIS_LOOP_92_1_1_U0,out_mem_63_U,,chan_status517.csv
dataflow_in_loop_VITIS_LOOP_92_1_1_U0,out_mem_64_U,,chan_status518.csv
dataflow_in_loop_VITIS_LOOP_92_1_1_U0,out_mem_65_U,,chan_status519.csv
dataflow_in_loop_VITIS_LOOP_92_1_1_U0,out_mem_66_U,,chan_status520.csv
dataflow_in_loop_VITIS_LOOP_92_1_1_U0,out_mem_67_U,,chan_status521.csv
dataflow_in_loop_VITIS_LOOP_92_1_1_U0,out_mem_68_U,,chan_status522.csv
dataflow_in_loop_VITIS_LOOP_92_1_1_U0,out_mem_69_U,,chan_status523.csv
dataflow_in_loop_VITIS_LOOP_92_1_1_U0,out_mem_70_U,,chan_status524.csv
dataflow_in_loop_VITIS_LOOP_92_1_1_U0,out_mem_71_U,,chan_status525.csv
dataflow_in_loop_VITIS_LOOP_92_1_1_U0,out_mem_72_U,,chan_status526.csv
dataflow_in_loop_VITIS_LOOP_92_1_1_U0,out_mem_73_U,,chan_status527.csv
dataflow_in_loop_VITIS_LOOP_92_1_1_U0,out_mem_74_U,,chan_status528.csv
dataflow_in_loop_VITIS_LOOP_92_1_1_U0,out_mem_75_U,,chan_status529.csv
dataflow_in_loop_VITIS_LOOP_92_1_1_U0,out_mem_76_U,,chan_status530.csv
dataflow_in_loop_VITIS_LOOP_92_1_1_U0,out_mem_77_U,,chan_status531.csv
dataflow_in_loop_VITIS_LOOP_92_1_1_U0,out_mem_78_U,,chan_status532.csv
dataflow_in_loop_VITIS_LOOP_92_1_1_U0,out_mem_79_U,,chan_status533.csv
dataflow_in_loop_VITIS_LOOP_92_1_1_U0,out_mem_80_U,,chan_status534.csv
dataflow_in_loop_VITIS_LOOP_92_1_1_U0,out_mem_81_U,,chan_status535.csv
dataflow_in_loop_VITIS_LOOP_92_1_1_U0,out_mem_82_U,,chan_status536.csv
dataflow_in_loop_VITIS_LOOP_92_1_1_U0,out_mem_83_U,,chan_status537.csv
dataflow_in_loop_VITIS_LOOP_92_1_1_U0,out_mem_84_U,,chan_status538.csv
dataflow_in_loop_VITIS_LOOP_92_1_1_U0,out_mem_85_U,,chan_status539.csv
dataflow_in_loop_VITIS_LOOP_92_1_1_U0,out_mem_86_U,,chan_status540.csv
dataflow_in_loop_VITIS_LOOP_92_1_1_U0,out_mem_87_U,,chan_status541.csv
dataflow_in_loop_VITIS_LOOP_92_1_1_U0,out_mem_88_U,,chan_status542.csv
dataflow_in_loop_VITIS_LOOP_92_1_1_U0,out_mem_89_U,,chan_status543.csv
dataflow_in_loop_VITIS_LOOP_92_1_1_U0,out_mem_90_U,,chan_status544.csv
dataflow_in_loop_VITIS_LOOP_92_1_1_U0,out_mem_91_U,,chan_status545.csv
dataflow_in_loop_VITIS_LOOP_92_1_1_U0,out_mem_92_U,,chan_status546.csv
dataflow_in_loop_VITIS_LOOP_92_1_1_U0,out_mem_93_U,,chan_status547.csv
dataflow_in_loop_VITIS_LOOP_92_1_1_U0,out_mem_94_U,,chan_status548.csv
dataflow_in_loop_VITIS_LOOP_92_1_1_U0,out_mem_95_U,,chan_status549.csv
dataflow_in_loop_VITIS_LOOP_92_1_1_U0,out_mem_96_U,,chan_status550.csv
dataflow_in_loop_VITIS_LOOP_92_1_1_U0,out_mem_97_U,,chan_status551.csv
dataflow_in_loop_VITIS_LOOP_92_1_1_U0,out_mem_98_U,,chan_status552.csv
dataflow_in_loop_VITIS_LOOP_92_1_1_U0,out_mem_99_U,,chan_status553.csv
dataflow_in_loop_VITIS_LOOP_92_1_1_U0,out_mem_100_U,,chan_status554.csv
dataflow_in_loop_VITIS_LOOP_92_1_1_U0,out_mem_101_U,,chan_status555.csv
dataflow_in_loop_VITIS_LOOP_92_1_1_U0,out_mem_102_U,,chan_status556.csv
dataflow_in_loop_VITIS_LOOP_92_1_1_U0,out_mem_103_U,,chan_status557.csv
dataflow_in_loop_VITIS_LOOP_92_1_1_U0,out_mem_104_U,,chan_status558.csv
dataflow_in_loop_VITIS_LOOP_92_1_1_U0,out_mem_105_U,,chan_status559.csv
dataflow_in_loop_VITIS_LOOP_92_1_1_U0,out_mem_106_U,,chan_status560.csv
dataflow_in_loop_VITIS_LOOP_92_1_1_U0,out_mem_107_U,,chan_status561.csv
dataflow_in_loop_VITIS_LOOP_92_1_1_U0,out_mem_108_U,,chan_status562.csv
dataflow_in_loop_VITIS_LOOP_92_1_1_U0,out_mem_109_U,,chan_status563.csv
dataflow_in_loop_VITIS_LOOP_92_1_1_U0,out_mem_110_U,,chan_status564.csv
dataflow_in_loop_VITIS_LOOP_92_1_1_U0,out_mem_111_U,,chan_status565.csv
dataflow_in_loop_VITIS_LOOP_92_1_1_U0,out_mem_112_U,,chan_status566.csv
dataflow_in_loop_VITIS_LOOP_92_1_1_U0,out_mem_113_U,,chan_status567.csv
dataflow_in_loop_VITIS_LOOP_92_1_1_U0,out_mem_114_U,,chan_status568.csv
dataflow_in_loop_VITIS_LOOP_92_1_1_U0,out_mem_115_U,,chan_status569.csv
dataflow_in_loop_VITIS_LOOP_92_1_1_U0,out_mem_116_U,,chan_status570.csv
dataflow_in_loop_VITIS_LOOP_92_1_1_U0,out_mem_117_U,,chan_status571.csv
dataflow_in_loop_VITIS_LOOP_92_1_1_U0,out_mem_118_U,,chan_status572.csv
dataflow_in_loop_VITIS_LOOP_92_1_1_U0,out_mem_119_U,,chan_status573.csv
dataflow_in_loop_VITIS_LOOP_92_1_1_U0,out_mem_120_U,,chan_status574.csv
dataflow_in_loop_VITIS_LOOP_92_1_1_U0,out_mem_121_U,,chan_status575.csv
dataflow_in_loop_VITIS_LOOP_92_1_1_U0,out_mem_122_U,,chan_status576.csv
dataflow_in_loop_VITIS_LOOP_92_1_1_U0,out_mem_123_U,,chan_status577.csv
dataflow_in_loop_VITIS_LOOP_92_1_1_U0,out_mem_124_U,,chan_status578.csv
dataflow_in_loop_VITIS_LOOP_92_1_1_U0,out_mem_125_U,,chan_status579.csv
dataflow_in_loop_VITIS_LOOP_92_1_1_U0,out_mem_126_U,,chan_status580.csv
dataflow_in_loop_VITIS_LOOP_92_1_1_U0,out_mem_127_U,,chan_status581.csv
dataflow_in_loop_VITIS_LOOP_92_1_1_U0,out_mem_128_U,,chan_status582.csv
dataflow_in_loop_VITIS_LOOP_92_1_1_U0,out_mem_129_U,,chan_status583.csv
dataflow_in_loop_VITIS_LOOP_92_1_1_U0,out_mem_130_U,,chan_status584.csv
dataflow_in_loop_VITIS_LOOP_92_1_1_U0,out_mem_131_U,,chan_status585.csv
dataflow_in_loop_VITIS_LOOP_92_1_1_U0,out_mem_132_U,,chan_status586.csv
dataflow_in_loop_VITIS_LOOP_92_1_1_U0,out_mem_133_U,,chan_status587.csv
dataflow_in_loop_VITIS_LOOP_92_1_1_U0,out_mem_134_U,,chan_status588.csv
dataflow_in_loop_VITIS_LOOP_92_1_1_U0,out_mem_135_U,,chan_status589.csv
dataflow_in_loop_VITIS_LOOP_92_1_1_U0,out_mem_136_U,,chan_status590.csv
dataflow_in_loop_VITIS_LOOP_92_1_1_U0,out_mem_137_U,,chan_status591.csv
dataflow_in_loop_VITIS_LOOP_92_1_1_U0,out_mem_138_U,,chan_status592.csv
dataflow_in_loop_VITIS_LOOP_92_1_1_U0,out_mem_139_U,,chan_status593.csv
dataflow_in_loop_VITIS_LOOP_92_1_1_U0,out_mem_140_U,,chan_status594.csv
dataflow_in_loop_VITIS_LOOP_92_1_1_U0,out_mem_141_U,,chan_status595.csv
dataflow_in_loop_VITIS_LOOP_92_1_1_U0,out_mem_142_U,,chan_status596.csv
dataflow_in_loop_VITIS_LOOP_92_1_1_U0,out_mem_143_U,,chan_status597.csv
dataflow_in_loop_VITIS_LOOP_92_1_1_U0,out_mem_144_U,,chan_status598.csv
dataflow_in_loop_VITIS_LOOP_92_1_1_U0,out_mem_145_U,,chan_status599.csv
dataflow_in_loop_VITIS_LOOP_92_1_1_U0,out_mem_146_U,,chan_status600.csv
dataflow_in_loop_VITIS_LOOP_92_1_1_U0,out_mem_147_U,,chan_status601.csv
dataflow_in_loop_VITIS_LOOP_92_1_1_U0,out_mem_148_U,,chan_status602.csv
dataflow_in_loop_VITIS_LOOP_92_1_1_U0,out_mem_149_U,,chan_status603.csv
dataflow_in_loop_VITIS_LOOP_92_1_1_U0,out_mem_150_U,,chan_status604.csv
dataflow_in_loop_VITIS_LOOP_92_1_1_U0,out_mem_151_U,,chan_status605.csv
dataflow_in_loop_VITIS_LOOP_92_1_1_U0,out_mem_152_U,,chan_status606.csv
dataflow_in_loop_VITIS_LOOP_92_1_1_U0,out_mem_153_U,,chan_status607.csv
dataflow_in_loop_VITIS_LOOP_92_1_1_U0,out_mem_154_U,,chan_status608.csv
dataflow_in_loop_VITIS_LOOP_92_1_1_U0,out_mem_155_U,,chan_status609.csv
dataflow_in_loop_VITIS_LOOP_92_1_1_U0,out_mem_156_U,,chan_status610.csv
dataflow_in_loop_VITIS_LOOP_92_1_1_U0,out_mem_157_U,,chan_status611.csv
dataflow_in_loop_VITIS_LOOP_92_1_1_U0,out_mem_158_U,,chan_status612.csv
dataflow_in_loop_VITIS_LOOP_92_1_1_U0,out_mem_159_U,,chan_status613.csv
dataflow_in_loop_VITIS_LOOP_92_1_1_U0,out_mem_160_U,,chan_status614.csv
dataflow_in_loop_VITIS_LOOP_92_1_1_U0,out_mem_161_U,,chan_status615.csv
dataflow_in_loop_VITIS_LOOP_92_1_1_U0,out_mem_162_U,,chan_status616.csv
dataflow_in_loop_VITIS_LOOP_92_1_1_U0,out_mem_163_U,,chan_status617.csv
dataflow_in_loop_VITIS_LOOP_92_1_1_U0,out_mem_164_U,,chan_status618.csv
dataflow_in_loop_VITIS_LOOP_92_1_1_U0,out_mem_165_U,,chan_status619.csv
dataflow_in_loop_VITIS_LOOP_92_1_1_U0,out_mem_166_U,,chan_status620.csv
dataflow_in_loop_VITIS_LOOP_92_1_1_U0,out_mem_167_U,,chan_status621.csv
dataflow_in_loop_VITIS_LOOP_92_1_1_U0,out_mem_168_U,,chan_status622.csv
dataflow_in_loop_VITIS_LOOP_92_1_1_U0,out_mem_169_U,,chan_status623.csv
dataflow_in_loop_VITIS_LOOP_92_1_1_U0,out_mem_170_U,,chan_status624.csv
dataflow_in_loop_VITIS_LOOP_92_1_1_U0,out_mem_171_U,,chan_status625.csv
dataflow_in_loop_VITIS_LOOP_92_1_1_U0,out_mem_172_U,,chan_status626.csv
dataflow_in_loop_VITIS_LOOP_92_1_1_U0,out_mem_173_U,,chan_status627.csv
dataflow_in_loop_VITIS_LOOP_92_1_1_U0,out_mem_174_U,,chan_status628.csv
dataflow_in_loop_VITIS_LOOP_92_1_1_U0,out_mem_175_U,,chan_status629.csv
dataflow_in_loop_VITIS_LOOP_92_1_1_U0,out_mem_176_U,,chan_status630.csv
dataflow_in_loop_VITIS_LOOP_92_1_1_U0,out_mem_177_U,,chan_status631.csv
dataflow_in_loop_VITIS_LOOP_92_1_1_U0,out_mem_178_U,,chan_status632.csv
dataflow_in_loop_VITIS_LOOP_92_1_1_U0,out_mem_179_U,,chan_status633.csv
dataflow_in_loop_VITIS_LOOP_92_1_1_U0,out_mem_180_U,,chan_status634.csv
dataflow_in_loop_VITIS_LOOP_92_1_1_U0,out_mem_181_U,,chan_status635.csv
dataflow_in_loop_VITIS_LOOP_92_1_1_U0,out_mem_182_U,,chan_status636.csv
dataflow_in_loop_VITIS_LOOP_92_1_1_U0,out_mem_183_U,,chan_status637.csv
dataflow_in_loop_VITIS_LOOP_92_1_1_U0,out_mem_184_U,,chan_status638.csv
dataflow_in_loop_VITIS_LOOP_92_1_1_U0,out_mem_185_U,,chan_status639.csv
dataflow_in_loop_VITIS_LOOP_92_1_1_U0,out_mem_186_U,,chan_status640.csv
dataflow_in_loop_VITIS_LOOP_92_1_1_U0,out_mem_187_U,,chan_status641.csv
dataflow_in_loop_VITIS_LOOP_92_1_1_U0,out_mem_188_U,,chan_status642.csv
dataflow_in_loop_VITIS_LOOP_92_1_1_U0,out_mem_189_U,,chan_status643.csv
dataflow_in_loop_VITIS_LOOP_92_1_1_U0,out_mem_190_U,,chan_status644.csv
dataflow_in_loop_VITIS_LOOP_92_1_1_U0,out_mem_191_U,,chan_status645.csv
dataflow_in_loop_VITIS_LOOP_92_1_1_U0,out_mem_192_U,,chan_status646.csv
dataflow_in_loop_VITIS_LOOP_92_1_1_U0,out_mem_193_U,,chan_status647.csv
dataflow_in_loop_VITIS_LOOP_92_1_1_U0,out_mem_194_U,,chan_status648.csv
dataflow_in_loop_VITIS_LOOP_92_1_1_U0,out_mem_195_U,,chan_status649.csv
dataflow_in_loop_VITIS_LOOP_92_1_1_U0,out_mem_196_U,,chan_status650.csv
dataflow_in_loop_VITIS_LOOP_92_1_1_U0,out_mem_197_U,,chan_status651.csv
dataflow_in_loop_VITIS_LOOP_92_1_1_U0,out_mem_198_U,,chan_status652.csv
dataflow_in_loop_VITIS_LOOP_92_1_1_U0,out_mem_199_U,,chan_status653.csv
dataflow_in_loop_VITIS_LOOP_92_1_1_U0,out_mem_200_U,,chan_status654.csv
dataflow_in_loop_VITIS_LOOP_92_1_1_U0,out_mem_201_U,,chan_status655.csv
dataflow_in_loop_VITIS_LOOP_92_1_1_U0,out_mem_202_U,,chan_status656.csv
dataflow_in_loop_VITIS_LOOP_92_1_1_U0,out_mem_203_U,,chan_status657.csv
dataflow_in_loop_VITIS_LOOP_92_1_1_U0,out_mem_204_U,,chan_status658.csv
dataflow_in_loop_VITIS_LOOP_92_1_1_U0,out_mem_205_U,,chan_status659.csv
dataflow_in_loop_VITIS_LOOP_92_1_1_U0,out_mem_206_U,,chan_status660.csv
dataflow_in_loop_VITIS_LOOP_92_1_1_U0,out_mem_207_U,,chan_status661.csv
dataflow_in_loop_VITIS_LOOP_92_1_1_U0,out_mem_208_U,,chan_status662.csv
dataflow_in_loop_VITIS_LOOP_92_1_1_U0,out_mem_209_U,,chan_status663.csv
dataflow_in_loop_VITIS_LOOP_92_1_1_U0,out_mem_210_U,,chan_status664.csv
dataflow_in_loop_VITIS_LOOP_92_1_1_U0,out_mem_211_U,,chan_status665.csv
dataflow_in_loop_VITIS_LOOP_92_1_1_U0,out_mem_212_U,,chan_status666.csv
dataflow_in_loop_VITIS_LOOP_92_1_1_U0,out_mem_213_U,,chan_status667.csv
dataflow_in_loop_VITIS_LOOP_92_1_1_U0,out_mem_214_U,,chan_status668.csv
dataflow_in_loop_VITIS_LOOP_92_1_1_U0,out_mem_215_U,,chan_status669.csv
dataflow_in_loop_VITIS_LOOP_92_1_1_U0,out_mem_216_U,,chan_status670.csv
dataflow_in_loop_VITIS_LOOP_92_1_1_U0,out_mem_217_U,,chan_status671.csv
dataflow_in_loop_VITIS_LOOP_92_1_1_U0,out_mem_218_U,,chan_status672.csv
dataflow_in_loop_VITIS_LOOP_92_1_1_U0,out_mem_219_U,,chan_status673.csv
dataflow_in_loop_VITIS_LOOP_92_1_1_U0,out_mem_220_U,,chan_status674.csv
dataflow_in_loop_VITIS_LOOP_92_1_1_U0,out_mem_221_U,,chan_status675.csv
dataflow_in_loop_VITIS_LOOP_92_1_1_U0,out_mem_222_U,,chan_status676.csv
dataflow_in_loop_VITIS_LOOP_92_1_1_U0,out_mem_223_U,,chan_status677.csv
dataflow_in_loop_VITIS_LOOP_92_1_1_U0,out_mem_224_U,,chan_status678.csv
dataflow_in_loop_VITIS_LOOP_92_1_1_U0,out_mem_225_U,,chan_status679.csv
dataflow_in_loop_VITIS_LOOP_92_1_1_U0,out_mem_226_U,,chan_status680.csv
dataflow_in_loop_VITIS_LOOP_92_1_1_U0,out_mem_227_U,,chan_status681.csv
dataflow_in_loop_VITIS_LOOP_92_1_1_U0,out_mem_228_U,,chan_status682.csv
dataflow_in_loop_VITIS_LOOP_92_1_1_U0,out_mem_229_U,,chan_status683.csv
dataflow_in_loop_VITIS_LOOP_92_1_1_U0,out_mem_230_U,,chan_status684.csv
dataflow_in_loop_VITIS_LOOP_92_1_1_U0,out_mem_231_U,,chan_status685.csv
dataflow_in_loop_VITIS_LOOP_92_1_1_U0,out_mem_232_U,,chan_status686.csv
dataflow_in_loop_VITIS_LOOP_92_1_1_U0,out_mem_233_U,,chan_status687.csv
dataflow_in_loop_VITIS_LOOP_92_1_1_U0,out_mem_234_U,,chan_status688.csv
dataflow_in_loop_VITIS_LOOP_92_1_1_U0,out_mem_235_U,,chan_status689.csv
dataflow_in_loop_VITIS_LOOP_92_1_1_U0,out_mem_236_U,,chan_status690.csv
dataflow_in_loop_VITIS_LOOP_92_1_1_U0,out_mem_237_U,,chan_status691.csv
dataflow_in_loop_VITIS_LOOP_92_1_1_U0,out_mem_238_U,,chan_status692.csv
dataflow_in_loop_VITIS_LOOP_92_1_1_U0,out_mem_239_U,,chan_status693.csv
dataflow_in_loop_VITIS_LOOP_92_1_1_U0,out_mem_240_U,,chan_status694.csv
dataflow_in_loop_VITIS_LOOP_92_1_1_U0,out_mem_241_U,,chan_status695.csv
dataflow_in_loop_VITIS_LOOP_92_1_1_U0,out_mem_242_U,,chan_status696.csv
dataflow_in_loop_VITIS_LOOP_92_1_1_U0,out_mem_243_U,,chan_status697.csv
dataflow_in_loop_VITIS_LOOP_92_1_1_U0,out_mem_244_U,,chan_status698.csv
dataflow_in_loop_VITIS_LOOP_92_1_1_U0,out_mem_245_U,,chan_status699.csv
dataflow_in_loop_VITIS_LOOP_92_1_1_U0,out_mem_246_U,,chan_status700.csv
dataflow_in_loop_VITIS_LOOP_92_1_1_U0,out_mem_247_U,,chan_status701.csv
dataflow_in_loop_VITIS_LOOP_92_1_1_U0,out_mem_248_U,,chan_status702.csv
dataflow_in_loop_VITIS_LOOP_92_1_1_U0,out_mem_249_U,,chan_status703.csv
dataflow_in_loop_VITIS_LOOP_92_1_1_U0,out_mem_250_U,,chan_status704.csv
dataflow_in_loop_VITIS_LOOP_92_1_1_U0,out_mem_251_U,,chan_status705.csv
dataflow_in_loop_VITIS_LOOP_92_1_1_U0,out_mem_252_U,,chan_status706.csv
dataflow_in_loop_VITIS_LOOP_92_1_1_U0,out_mem_253_U,,chan_status707.csv
dataflow_in_loop_VITIS_LOOP_92_1_1_U0,out_mem_254_U,,chan_status708.csv
dataflow_in_loop_VITIS_LOOP_92_1_1_U0,out_mem_255_U,,chan_status709.csv
dataflow_in_loop_VITIS_LOOP_92_1_1_U0,out_mem_256_U,,chan_status710.csv
dataflow_in_loop_VITIS_LOOP_92_1_1_U0,out_mem_257_U,,chan_status711.csv
dataflow_in_loop_VITIS_LOOP_92_1_1_U0,out_mem_258_U,,chan_status712.csv
dataflow_in_loop_VITIS_LOOP_92_1_1_U0,out_mem_259_U,,chan_status713.csv
dataflow_in_loop_VITIS_LOOP_92_1_1_U0,out_mem_260_U,,chan_status714.csv
dataflow_in_loop_VITIS_LOOP_92_1_1_U0,out_mem_261_U,,chan_status715.csv
dataflow_in_loop_VITIS_LOOP_92_1_1_U0,out_mem_262_U,,chan_status716.csv
dataflow_in_loop_VITIS_LOOP_92_1_1_U0,out_mem_263_U,,chan_status717.csv
dataflow_in_loop_VITIS_LOOP_92_1_1_U0,out_mem_264_U,,chan_status718.csv
dataflow_in_loop_VITIS_LOOP_92_1_1_U0,out_mem_265_U,,chan_status719.csv
dataflow_in_loop_VITIS_LOOP_92_1_1_U0,out_mem_266_U,,chan_status720.csv
dataflow_in_loop_VITIS_LOOP_92_1_1_U0,out_mem_267_U,,chan_status721.csv
dataflow_in_loop_VITIS_LOOP_92_1_1_U0,out_mem_268_U,,chan_status722.csv
dataflow_in_loop_VITIS_LOOP_92_1_1_U0,out_mem_269_U,,chan_status723.csv
dataflow_in_loop_VITIS_LOOP_92_1_1_U0,out_mem_270_U,,chan_status724.csv
dataflow_in_loop_VITIS_LOOP_92_1_1_U0,out_mem_271_U,,chan_status725.csv
dataflow_in_loop_VITIS_LOOP_92_1_1_U0,out_mem_272_U,,chan_status726.csv
dataflow_in_loop_VITIS_LOOP_92_1_1_U0,out_mem_273_U,,chan_status727.csv
dataflow_in_loop_VITIS_LOOP_92_1_1_U0,out_mem_274_U,,chan_status728.csv
dataflow_in_loop_VITIS_LOOP_92_1_1_U0,out_mem_275_U,,chan_status729.csv
dataflow_in_loop_VITIS_LOOP_92_1_1_U0,out_mem_276_U,,chan_status730.csv
dataflow_in_loop_VITIS_LOOP_92_1_1_U0,out_mem_277_U,,chan_status731.csv
dataflow_in_loop_VITIS_LOOP_92_1_1_U0,out_mem_278_U,,chan_status732.csv
dataflow_in_loop_VITIS_LOOP_92_1_1_U0,out_mem_279_U,,chan_status733.csv
dataflow_in_loop_VITIS_LOOP_92_1_1_U0,out_mem_280_U,,chan_status734.csv
dataflow_in_loop_VITIS_LOOP_92_1_1_U0,out_mem_281_U,,chan_status735.csv
dataflow_in_loop_VITIS_LOOP_92_1_1_U0,out_mem_282_U,,chan_status736.csv
dataflow_in_loop_VITIS_LOOP_92_1_1_U0,out_mem_283_U,,chan_status737.csv
dataflow_in_loop_VITIS_LOOP_92_1_1_U0,out_mem_284_U,,chan_status738.csv
dataflow_in_loop_VITIS_LOOP_92_1_1_U0,out_mem_285_U,,chan_status739.csv
dataflow_in_loop_VITIS_LOOP_92_1_1_U0,out_mem_286_U,,chan_status740.csv
dataflow_in_loop_VITIS_LOOP_92_1_1_U0,out_mem_287_U,,chan_status741.csv
dataflow_in_loop_VITIS_LOOP_92_1_1_U0,out_mem_288_U,,chan_status742.csv
dataflow_in_loop_VITIS_LOOP_92_1_1_U0,out_mem_289_U,,chan_status743.csv
dataflow_in_loop_VITIS_LOOP_92_1_1_U0,out_mem_290_U,,chan_status744.csv
dataflow_in_loop_VITIS_LOOP_92_1_1_U0,out_mem_291_U,,chan_status745.csv
dataflow_in_loop_VITIS_LOOP_92_1_1_U0,out_mem_292_U,,chan_status746.csv
dataflow_in_loop_VITIS_LOOP_92_1_1_U0,out_mem_293_U,,chan_status747.csv
dataflow_in_loop_VITIS_LOOP_92_1_1_U0,out_mem_294_U,,chan_status748.csv
dataflow_in_loop_VITIS_LOOP_92_1_1_U0,out_mem_295_U,,chan_status749.csv
dataflow_in_loop_VITIS_LOOP_92_1_1_U0,out_mem_296_U,,chan_status750.csv
dataflow_in_loop_VITIS_LOOP_92_1_1_U0,out_mem_297_U,,chan_status751.csv
dataflow_in_loop_VITIS_LOOP_92_1_1_U0,out_mem_298_U,,chan_status752.csv
dataflow_in_loop_VITIS_LOOP_92_1_1_U0,out_mem_299_U,,chan_status753.csv
dataflow_in_loop_VITIS_LOOP_92_1_1_U0,out_mem_300_U,,chan_status754.csv
dataflow_in_loop_VITIS_LOOP_92_1_1_U0,out_mem_301_U,,chan_status755.csv
dataflow_in_loop_VITIS_LOOP_92_1_1_U0,out_mem_302_U,,chan_status756.csv
dataflow_in_loop_VITIS_LOOP_92_1_1_U0,out_mem_303_U,,chan_status757.csv
dataflow_in_loop_VITIS_LOOP_92_1_1_U0,out_mem_304_U,,chan_status758.csv
dataflow_in_loop_VITIS_LOOP_92_1_1_U0,out_mem_305_U,,chan_status759.csv
dataflow_in_loop_VITIS_LOOP_92_1_1_U0,out_mem_306_U,,chan_status760.csv
dataflow_in_loop_VITIS_LOOP_92_1_1_U0,out_mem_307_U,,chan_status761.csv
dataflow_in_loop_VITIS_LOOP_92_1_1_U0,out_mem_308_U,,chan_status762.csv
dataflow_in_loop_VITIS_LOOP_92_1_1_U0,out_mem_309_U,,chan_status763.csv
dataflow_in_loop_VITIS_LOOP_92_1_1_U0,out_mem_310_U,,chan_status764.csv
dataflow_in_loop_VITIS_LOOP_92_1_1_U0,out_mem_311_U,,chan_status765.csv
dataflow_in_loop_VITIS_LOOP_92_1_1_U0,out_mem_312_U,,chan_status766.csv
dataflow_in_loop_VITIS_LOOP_92_1_1_U0,out_mem_313_U,,chan_status767.csv
dataflow_in_loop_VITIS_LOOP_92_1_1_U0,out_mem_314_U,,chan_status768.csv
dataflow_in_loop_VITIS_LOOP_92_1_1_U0,out_mem_315_U,,chan_status769.csv
dataflow_in_loop_VITIS_LOOP_92_1_1_U0,out_mem_316_U,,chan_status770.csv
dataflow_in_loop_VITIS_LOOP_92_1_1_U0,out_mem_317_U,,chan_status771.csv
dataflow_in_loop_VITIS_LOOP_92_1_1_U0,out_mem_318_U,,chan_status772.csv
dataflow_in_loop_VITIS_LOOP_92_1_1_U0,out_mem_319_U,,chan_status773.csv
dataflow_in_loop_VITIS_LOOP_92_1_1_U0,out_mem_320_U,,chan_status774.csv
dataflow_in_loop_VITIS_LOOP_92_1_1_U0,out_mem_321_U,,chan_status775.csv
dataflow_in_loop_VITIS_LOOP_92_1_1_U0,out_mem_322_U,,chan_status776.csv
dataflow_in_loop_VITIS_LOOP_92_1_1_U0,out_mem_323_U,,chan_status777.csv
dataflow_in_loop_VITIS_LOOP_92_1_1_U0,out_mem_324_U,,chan_status778.csv
dataflow_in_loop_VITIS_LOOP_92_1_1_U0,out_mem_325_U,,chan_status779.csv
dataflow_in_loop_VITIS_LOOP_92_1_1_U0,out_mem_326_U,,chan_status780.csv
dataflow_in_loop_VITIS_LOOP_92_1_1_U0,out_mem_327_U,,chan_status781.csv
dataflow_in_loop_VITIS_LOOP_92_1_1_U0,out_mem_328_U,,chan_status782.csv
dataflow_in_loop_VITIS_LOOP_92_1_1_U0,out_mem_329_U,,chan_status783.csv
dataflow_in_loop_VITIS_LOOP_92_1_1_U0,out_mem_330_U,,chan_status784.csv
dataflow_in_loop_VITIS_LOOP_92_1_1_U0,out_mem_331_U,,chan_status785.csv
dataflow_in_loop_VITIS_LOOP_92_1_1_U0,out_mem_332_U,,chan_status786.csv
dataflow_in_loop_VITIS_LOOP_92_1_1_U0,out_mem_333_U,,chan_status787.csv
dataflow_in_loop_VITIS_LOOP_92_1_1_U0,out_mem_334_U,,chan_status788.csv
dataflow_in_loop_VITIS_LOOP_92_1_1_U0,out_mem_335_U,,chan_status789.csv
dataflow_in_loop_VITIS_LOOP_92_1_1_U0,out_mem_336_U,,chan_status790.csv
dataflow_in_loop_VITIS_LOOP_92_1_1_U0,out_mem_337_U,,chan_status791.csv
dataflow_in_loop_VITIS_LOOP_92_1_1_U0,out_mem_338_U,,chan_status792.csv
dataflow_in_loop_VITIS_LOOP_92_1_1_U0,out_mem_339_U,,chan_status793.csv
dataflow_in_loop_VITIS_LOOP_92_1_1_U0,out_mem_340_U,,chan_status794.csv
dataflow_in_loop_VITIS_LOOP_92_1_1_U0,out_mem_341_U,,chan_status795.csv
dataflow_in_loop_VITIS_LOOP_92_1_1_U0,out_mem_342_U,,chan_status796.csv
dataflow_in_loop_VITIS_LOOP_92_1_1_U0,out_mem_343_U,,chan_status797.csv
dataflow_in_loop_VITIS_LOOP_92_1_1_U0,out_mem_344_U,,chan_status798.csv
dataflow_in_loop_VITIS_LOOP_92_1_1_U0,out_mem_345_U,,chan_status799.csv
dataflow_in_loop_VITIS_LOOP_92_1_1_U0,out_mem_346_U,,chan_status800.csv
dataflow_in_loop_VITIS_LOOP_92_1_1_U0,out_mem_347_U,,chan_status801.csv
dataflow_in_loop_VITIS_LOOP_92_1_1_U0,out_mem_348_U,,chan_status802.csv
dataflow_in_loop_VITIS_LOOP_92_1_1_U0,out_mem_349_U,,chan_status803.csv
dataflow_in_loop_VITIS_LOOP_92_1_1_U0,out_mem_350_U,,chan_status804.csv
dataflow_in_loop_VITIS_LOOP_92_1_1_U0,out_mem_351_U,,chan_status805.csv
dataflow_in_loop_VITIS_LOOP_92_1_1_U0,out_mem_352_U,,chan_status806.csv
dataflow_in_loop_VITIS_LOOP_92_1_1_U0,out_mem_353_U,,chan_status807.csv
dataflow_in_loop_VITIS_LOOP_92_1_1_U0,out_mem_354_U,,chan_status808.csv
dataflow_in_loop_VITIS_LOOP_92_1_1_U0,out_mem_355_U,,chan_status809.csv
dataflow_in_loop_VITIS_LOOP_92_1_1_U0,out_mem_356_U,,chan_status810.csv
dataflow_in_loop_VITIS_LOOP_92_1_1_U0,out_mem_357_U,,chan_status811.csv
dataflow_in_loop_VITIS_LOOP_92_1_1_U0,out_mem_358_U,,chan_status812.csv
dataflow_in_loop_VITIS_LOOP_92_1_1_U0,out_mem_359_U,,chan_status813.csv
dataflow_in_loop_VITIS_LOOP_92_1_1_U0,out_mem_360_U,,chan_status814.csv
dataflow_in_loop_VITIS_LOOP_92_1_1_U0,out_mem_361_U,,chan_status815.csv
dataflow_in_loop_VITIS_LOOP_92_1_1_U0,out_mem_362_U,,chan_status816.csv
dataflow_in_loop_VITIS_LOOP_92_1_1_U0,out_mem_363_U,,chan_status817.csv
dataflow_in_loop_VITIS_LOOP_92_1_1_U0,out_mem_364_U,,chan_status818.csv
dataflow_in_loop_VITIS_LOOP_92_1_1_U0,out_mem_365_U,,chan_status819.csv
dataflow_in_loop_VITIS_LOOP_92_1_1_U0,out_mem_366_U,,chan_status820.csv
dataflow_in_loop_VITIS_LOOP_92_1_1_U0,out_mem_367_U,,chan_status821.csv
dataflow_in_loop_VITIS_LOOP_92_1_1_U0,out_mem_368_U,,chan_status822.csv
dataflow_in_loop_VITIS_LOOP_92_1_1_U0,out_mem_369_U,,chan_status823.csv
dataflow_in_loop_VITIS_LOOP_92_1_1_U0,out_mem_370_U,,chan_status824.csv
dataflow_in_loop_VITIS_LOOP_92_1_1_U0,out_mem_371_U,,chan_status825.csv
dataflow_in_loop_VITIS_LOOP_92_1_1_U0,out_mem_372_U,,chan_status826.csv
dataflow_in_loop_VITIS_LOOP_92_1_1_U0,out_mem_373_U,,chan_status827.csv
dataflow_in_loop_VITIS_LOOP_92_1_1_U0,out_mem_374_U,,chan_status828.csv
dataflow_in_loop_VITIS_LOOP_92_1_1_U0,out_mem_375_U,,chan_status829.csv
dataflow_in_loop_VITIS_LOOP_92_1_1_U0,out_mem_376_U,,chan_status830.csv
dataflow_in_loop_VITIS_LOOP_92_1_1_U0,out_mem_377_U,,chan_status831.csv
dataflow_in_loop_VITIS_LOOP_92_1_1_U0,out_mem_378_U,,chan_status832.csv
dataflow_in_loop_VITIS_LOOP_92_1_1_U0,out_mem_379_U,,chan_status833.csv
dataflow_in_loop_VITIS_LOOP_92_1_1_U0,out_mem_380_U,,chan_status834.csv
dataflow_in_loop_VITIS_LOOP_92_1_1_U0,out_mem_381_U,,chan_status835.csv
dataflow_in_loop_VITIS_LOOP_92_1_1_U0,out_mem_382_U,,chan_status836.csv
dataflow_in_loop_VITIS_LOOP_92_1_1_U0,out_mem_383_U,,chan_status837.csv
dataflow_in_loop_VITIS_LOOP_92_1_1_U0,out_mem_384_U,,chan_status838.csv
dataflow_in_loop_VITIS_LOOP_92_1_1_U0,out_mem_385_U,,chan_status839.csv
dataflow_in_loop_VITIS_LOOP_92_1_1_U0,out_mem_386_U,,chan_status840.csv
dataflow_in_loop_VITIS_LOOP_92_1_1_U0,out_mem_387_U,,chan_status841.csv
dataflow_in_loop_VITIS_LOOP_92_1_1_U0,out_mem_388_U,,chan_status842.csv
dataflow_in_loop_VITIS_LOOP_92_1_1_U0,out_mem_389_U,,chan_status843.csv
dataflow_in_loop_VITIS_LOOP_92_1_1_U0,out_mem_390_U,,chan_status844.csv
dataflow_in_loop_VITIS_LOOP_92_1_1_U0,out_mem_391_U,,chan_status845.csv
dataflow_in_loop_VITIS_LOOP_92_1_1_U0,out_mem_392_U,,chan_status846.csv
dataflow_in_loop_VITIS_LOOP_92_1_1_U0,out_mem_393_U,,chan_status847.csv
dataflow_in_loop_VITIS_LOOP_92_1_1_U0,out_mem_394_U,,chan_status848.csv
dataflow_in_loop_VITIS_LOOP_92_1_1_U0,out_mem_395_U,,chan_status849.csv
dataflow_in_loop_VITIS_LOOP_92_1_1_U0,out_mem_396_U,,chan_status850.csv
dataflow_in_loop_VITIS_LOOP_92_1_1_U0,out_mem_397_U,,chan_status851.csv
dataflow_in_loop_VITIS_LOOP_92_1_1_U0,out_mem_398_U,,chan_status852.csv
dataflow_in_loop_VITIS_LOOP_92_1_1_U0,out_mem_399_U,,chan_status853.csv
dataflow_in_loop_VITIS_LOOP_92_1_1_U0,out_mem_400_U,,chan_status854.csv
dataflow_in_loop_VITIS_LOOP_92_1_1_U0,out_mem_401_U,,chan_status855.csv
dataflow_in_loop_VITIS_LOOP_92_1_1_U0,out_mem_402_U,,chan_status856.csv
dataflow_in_loop_VITIS_LOOP_92_1_1_U0,out_mem_403_U,,chan_status857.csv
dataflow_in_loop_VITIS_LOOP_92_1_1_U0,out_mem_404_U,,chan_status858.csv
dataflow_in_loop_VITIS_LOOP_92_1_1_U0,out_mem_405_U,,chan_status859.csv
dataflow_in_loop_VITIS_LOOP_92_1_1_U0,out_mem_406_U,,chan_status860.csv
dataflow_in_loop_VITIS_LOOP_92_1_1_U0,out_mem_407_U,,chan_status861.csv
dataflow_in_loop_VITIS_LOOP_92_1_1_U0,out_mem_408_U,,chan_status862.csv
dataflow_in_loop_VITIS_LOOP_92_1_1_U0,out_mem_409_U,,chan_status863.csv
dataflow_in_loop_VITIS_LOOP_92_1_1_U0,out_mem_410_U,,chan_status864.csv
dataflow_in_loop_VITIS_LOOP_92_1_1_U0,out_mem_411_U,,chan_status865.csv
dataflow_in_loop_VITIS_LOOP_92_1_1_U0,out_mem_412_U,,chan_status866.csv
dataflow_in_loop_VITIS_LOOP_92_1_1_U0,out_mem_413_U,,chan_status867.csv
dataflow_in_loop_VITIS_LOOP_92_1_1_U0,out_mem_414_U,,chan_status868.csv
dataflow_in_loop_VITIS_LOOP_92_1_1_U0,out_mem_415_U,,chan_status869.csv
dataflow_in_loop_VITIS_LOOP_92_1_1_U0,out_mem_416_U,,chan_status870.csv
dataflow_in_loop_VITIS_LOOP_92_1_1_U0,out_mem_417_U,,chan_status871.csv
dataflow_in_loop_VITIS_LOOP_92_1_1_U0,out_mem_418_U,,chan_status872.csv
dataflow_in_loop_VITIS_LOOP_92_1_1_U0,out_mem_419_U,,chan_status873.csv
dataflow_in_loop_VITIS_LOOP_92_1_1_U0,out_mem_420_U,,chan_status874.csv
dataflow_in_loop_VITIS_LOOP_92_1_1_U0,out_mem_421_U,,chan_status875.csv
dataflow_in_loop_VITIS_LOOP_92_1_1_U0,out_mem_422_U,,chan_status876.csv
dataflow_in_loop_VITIS_LOOP_92_1_1_U0,out_mem_423_U,,chan_status877.csv
dataflow_in_loop_VITIS_LOOP_92_1_1_U0,out_mem_424_U,,chan_status878.csv
dataflow_in_loop_VITIS_LOOP_92_1_1_U0,out_mem_425_U,,chan_status879.csv
dataflow_in_loop_VITIS_LOOP_92_1_1_U0,out_mem_426_U,,chan_status880.csv
dataflow_in_loop_VITIS_LOOP_92_1_1_U0,out_mem_427_U,,chan_status881.csv
dataflow_in_loop_VITIS_LOOP_92_1_1_U0,out_mem_428_U,,chan_status882.csv
dataflow_in_loop_VITIS_LOOP_92_1_1_U0,out_mem_429_U,,chan_status883.csv
dataflow_in_loop_VITIS_LOOP_92_1_1_U0,out_mem_430_U,,chan_status884.csv
dataflow_in_loop_VITIS_LOOP_92_1_1_U0,out_mem_431_U,,chan_status885.csv
dataflow_in_loop_VITIS_LOOP_92_1_1_U0,out_mem_432_U,,chan_status886.csv
dataflow_in_loop_VITIS_LOOP_92_1_1_U0,out_mem_433_U,,chan_status887.csv
dataflow_in_loop_VITIS_LOOP_92_1_1_U0,out_mem_434_U,,chan_status888.csv
dataflow_in_loop_VITIS_LOOP_92_1_1_U0,out_mem_435_U,,chan_status889.csv
dataflow_in_loop_VITIS_LOOP_92_1_1_U0,out_mem_436_U,,chan_status890.csv
dataflow_in_loop_VITIS_LOOP_92_1_1_U0,out_mem_437_U,,chan_status891.csv
dataflow_in_loop_VITIS_LOOP_92_1_1_U0,out_mem_438_U,,chan_status892.csv
dataflow_in_loop_VITIS_LOOP_92_1_1_U0,out_mem_439_U,,chan_status893.csv
dataflow_in_loop_VITIS_LOOP_92_1_1_U0,out_mem_440_U,,chan_status894.csv
dataflow_in_loop_VITIS_LOOP_92_1_1_U0,out_mem_441_U,,chan_status895.csv
dataflow_in_loop_VITIS_LOOP_92_1_1_U0,out_mem_442_U,,chan_status896.csv
dataflow_in_loop_VITIS_LOOP_92_1_1_U0,out_mem_443_U,,chan_status897.csv
dataflow_in_loop_VITIS_LOOP_92_1_1_U0,out_mem_444_U,,chan_status898.csv
dataflow_in_loop_VITIS_LOOP_92_1_1_U0,out_mem_445_U,,chan_status899.csv
dataflow_in_loop_VITIS_LOOP_92_1_1_U0,out_mem_446_U,,chan_status900.csv
dataflow_in_loop_VITIS_LOOP_92_1_1_U0,out_mem_447_U,,chan_status901.csv
dataflow_in_loop_VITIS_LOOP_92_1_1_U0,out_mem_448_U,,chan_status902.csv
dataflow_in_loop_VITIS_LOOP_92_1_1_U0,out_mem449_U,,chan_status903.csv
