,VITIS_LOOP_92_1,df_loop_status1.csv
dataflow_in_loop_VITIS_LOOP_92_1_1_U0.dataflow_in_loop_VITIS_LOOP_92_1_1_Loop_VITIS_LOOP_99_2_proc_U0,VITIS_LOOP_99_2,upc_loop_status1.csv
dataflow_in_loop_VITIS_LOOP_92_1_1_U0.load_input_U0.grp_load_input_Pipeline_load_input_loop_VITIS_LOOP_9_1_fu_1860,load_input_loop_VITIS_LOOP_9_1,upc_loop_status2.csv
dataflow_in_loop_VITIS_LOOP_92_1_1_U0.conv_2_13_13_3_3_2_11_11_1_1_5_1_5_5_2_3_U0,L6,seq_loop_status1.csv
dataflow_in_loop_VITIS_LOOP_92_1_1_U0.conv_2_13_13_3_3_2_11_11_1_1_5_1_5_5_2_3_U0.grp_conv_Pipeline_VITIS_LOOP_41_1_VITIS_LOOP_42_2_VITIS_LOOP_43_3_fu_5588,VITIS_LOOP_41_1_VITIS_LOOP_42_2_VITIS_LOOP_43_3,upc_loop_status3.csv
dataflow_in_loop_VITIS_LOOP_92_1_1_U0.conv_2_13_13_3_3_2_11_11_1_1_5_1_5_5_2_3_U0.grp_conv_2_13_13_3_3_2_11_11_1_1_5_1_5_5_2_3_Pipeline_L5_L4_L3_fu_5630,L5_L4_L3,upc_loop_status4.csv
dataflow_in_loop_VITIS_LOOP_92_1_1_U0.out_conv2mem_2_13_13_3_3_2_11_11_1_162_1_1_5_5_2_3_U0,VITIS_LOOP_40_3,seq_loop_status2.csv
dataflow_in_loop_VITIS_LOOP_92_1_1_U0.out_conv2mem_2_13_13_3_3_2_11_11_1_162_1_1_5_5_2_3_U0,VITIS_LOOP_38_2,seq_loop_status3.csv
dataflow_in_loop_VITIS_LOOP_92_1_1_U0.out_conv2mem_2_13_13_3_3_2_11_11_1_162_1_1_5_5_2_3_U0,VITIS_LOOP_37_1,seq_loop_status4.csv
dataflow_in_loop_VITIS_LOOP_92_1_1_U0.out_conv2mem_2_13_13_3_3_2_11_11_1_162_1_1_5_5_2_3_U0.grp_out_conv2mem_Pipeline_VITIS_LOOP_41_4_fu_3757,VITIS_LOOP_41_4,upc_loop_status5.csv
