,dataflow_in_loop_VITIS_LOOP_92_1_1_U0,,status1.csv
dataflow_in_loop_VITIS_LOOP_92_1_1_U0,entry_proc_U0,,status2.csv
dataflow_in_loop_VITIS_LOOP_92_1_1_U0,dataflow_in_loop_VITIS_LOOP_92_1_1_Loop_VITIS_LOOP_99_2_proc_U0,,status3.csv
dataflow_in_loop_VITIS_LOOP_92_1_1_U0,load_input_U0,,status4.csv
dataflow_in_loop_VITIS_LOOP_92_1_1_U0,conv_2_13_13_3_3_2_11_11_1_1_5_1_5_5_2_3_U0,,status5.csv
dataflow_in_loop_VITIS_LOOP_92_1_1_U0,out_conv2mem_2_13_13_3_3_2_11_11_1_162_1_1_5_5_2_3_U0,,status6.csv
,AESL_inst_top_wrapper,,module_status1.csv
dataflow_in_loop_VITIS_LOOP_92_1_1_U0.load_input_U0,grp_load_input_Pipeline_load_input_loop_VITIS_LOOP_9_1_fu_1860,,module_status2.csv
dataflow_in_loop_VITIS_LOOP_92_1_1_U0.conv_2_13_13_3_3_2_11_11_1_1_5_1_5_5_2_3_U0,grp_conv_Pipeline_VITIS_LOOP_41_1_VITIS_LOOP_42_2_VITIS_LOOP_43_3_fu_5588,,module_status3.csv
dataflow_in_loop_VITIS_LOOP_92_1_1_U0.conv_2_13_13_3_3_2_11_11_1_1_5_1_5_5_2_3_U0,grp_conv_2_13_13_3_3_2_11_11_1_1_5_1_5_5_2_3_Pipeline_L5_L4_L3_fu_5630,,module_status4.csv
dataflow_in_loop_VITIS_LOOP_92_1_1_U0.out_conv2mem_2_13_13_3_3_2_11_11_1_162_1_1_5_5_2_3_U0,grp_out_conv2mem_Pipeline_VITIS_LOOP_41_4_fu_3757,,module_status5.csv
